,bm_unit,repd_site_name,repd_lat,repd_long,technology_type,capacity,county,region,development_status
0,T_ACHRW-1,A'Chruach (Phase 1),56.15277,-5.31022,Wind Onshore,48.3,Strathclyde,Scotland,Operational
1,T_ACHRW-1,A'Chruach (Phase 2),56.12445,-5.3102,Wind Onshore,4.0,Argyll and Bute,Scotland,Planning Permission Expired
2,T_AFTOW-1,Afton Wind Farm,55.3116,-4.17428,Wind Onshore,50.0,Strathclyde,Scotland,Operational
3,T_AKGLW-2,Aikengall,55.91721,-2.49007,Wind Onshore,48.0,Lothian,Scotland,Operational
4,T_AKGLW-3,Aikengall,55.91721,-2.49007,Wind Onshore,48.0,Lothian,Scotland,Operational
5,T_AKGLW-3,"Aikengall II, Wester Dod Community Wind Farm",55.91721,-2.49007,Wind Onshore,60.8,Lothian,Scotland,Operational
6,T_AKGLW-2,"Aikengall II, Wester Dod Community Wind Farm",55.91721,-2.49007,Wind Onshore,60.8,Lothian,Scotland,Operational
7,T_AKGLW-3,Aikengall IIa Community Wind Farm,55.89342,-2.45259,Wind Onshore,81.7,Borders,Scotland,Operational
8,T_AKGLW-2,Aikengall IIa Community Wind Farm,55.89342,-2.45259,Wind Onshore,81.7,Borders,Scotland,Operational
9,E_AIRSW-1,Airies Farm,54.80205,-4.65774,Wind Onshore,35.0,Dumfries and Galloway,Scotland,Operational
10,T_ANSUW-1,An Suidhe,56.21867,-5.21937,Wind Onshore,19.3,Strathclyde,Scotland,Operational
11,E_ASHWW-1,Andershaw,55.50933,-3.84626,Wind Onshore,36.0,Strathclyde,Scotland,Operational
12,T_ARCHW-1,Arecleoch Wind Farm (extension),55.06878,-4.79705,Wind Onshore,73.0,South Ayrshire,Scotland,Awaiting Construction
13,T_ARCHW-1,Arecleoch Wind Farm (extension),55.06878,-4.79705,Battery,20.0,South Ayrshire,Scotland,Awaiting Construction
14,T_ARCHW-1,Arecleoch Windfarm,55.06878,-4.79705,Wind Onshore,120.0,South Ayrshire,Scotland,Operational
15,E_ASLVW-1,Assel Valley Wind Farm,55.22648,-4.77871,Wind Onshore,25.0,Strathclyde,Scotland,Operational
16,E_ABRTW-1,Auchrobert Wind Farm,55.624,-3.98421,Wind Onshore,36.0,Strathclyde,Scotland,Operational
17,E_BRNLW-1,BROWNIELEYS - 3 WIND TURBINES,56.83991,-2.37915,Wind Onshore,7.5,Grampian,Scotland,Operational
18,T_BDCHW-1,Bad a Cheo Wind Farm,58.42046,-3.42919,Wind Onshore,26.7,Highland,Scotland,Operational
19,E_BABAW-1,Baillie Wind Farm,58.56792,-3.67702,Wind Onshore,52.5,Highland,Scotland,Operational
20,T_BOWLW-1,Barrow,53.99146,-3.29828,Wind Offshore,90.0,Offshore,Offshore,Operational
21,T_BEATO-3,Beatrice,58.08823,-2.95016,Wind Offshore,588.0,Offshore,Offshore,Operational
22,T_BEATO-2,Beatrice,58.08823,-2.95016,Wind Offshore,588.0,Offshore,Offshore,Operational
23,T_BEATO-1,Beatrice,58.08823,-2.95016,Wind Offshore,588.0,Offshore,Offshore,Operational
24,T_BEATO-4,Beatrice,58.08823,-2.95016,Wind Offshore,588.0,Offshore,Offshore,Operational
25,E_BETHW-1,Beinn Tharsuinn Extension (Beinn nan Oighrean),57.78823,-4.24815,Wind Onshore,4.6,Highland,Scotland,Operational
26,E_BETHW-1,Beinn Tharsuinn Windfarm Project,57.80527,-4.329,Wind Onshore,29.8,Highland,Scotland,Operational
27,E_BTUIW-2,Beinn an Tuirc,55.57317,-5.58735,Wind Onshore,29.7,Strathclyde,Scotland,Operational
28,E_BTUIW-3,Beinn an Tuirc,55.57317,-5.58735,Wind Onshore,29.7,Strathclyde,Scotland,Operational
29,E_BTUIW-3,Beinn an Tuirc Phase 2,55.57317,-5.58735,Wind Onshore,43.7,Strathclyde,Scotland,Operational
30,E_BTUIW-2,Beinn an Tuirc Phase 2,55.57317,-5.58735,Wind Onshore,43.7,Strathclyde,Scotland,Operational
31,T_BEINW-1,Beinneun,57.09561,-4.96548,Wind Onshore,85.0,Highland,Scotland,Operational
32,E_BRYBW-1,Berry Burn,57.44661,-3.47539,Wind Onshore,66.7,Grampian,Scotland,Operational
33,2__PSTAT002,Berry Burn,57.44661,-3.47539,Wind Onshore,66.7,Grampian,Scotland,Operational
34,T_BHLAW-1,Bhlaraidh (previously Balmacaan),57.21915,-4.58191,Wind Onshore,110.0,Highland,Scotland,Operational
35,T_BHLAW-1,Bhlaraidh Wind Farm Extension,57.25136,-4.66179,Wind Onshore,84.0,Highland,Scotland,Awaiting Construction
36,T_BLLA-1,Black Law,55.76219,-3.76257,Wind Onshore,124.0,Strathclyde,Scotland,Operational
37,T_BLLA-2,Black Law,55.76219,-3.76257,Wind Onshore,124.0,Strathclyde,Scotland,Operational
38,T_BLLA-2,Black Law Extension - 1b,55.76219,-3.76257,Wind Onshore,15.0,Strathclyde,Scotland,Operational
39,T_BLKWW-1,Blackcraig,55.11991,-4.03212,Wind Onshore,52.9,Dumfries and Galloway,Scotland,Operational
40,E_BLARW-1,Blary Hill Wind Farm,55.56826,-5.64354,Wind Onshore,35.0,Strathclyde,Scotland,Under Construction
41,E_ARNKB-1,Bloxwich Battery,52.59009,-2.01002,Battery,41.0,West Midlands,West Midlands,Operational
42,E_BRDUW-1,Braes O'Doune,56.26983,-4.05894,Wind Onshore,72.0,Stirling,Scotland,Operational
43,T_NOKYW-1,"Breezy Hill, North Kyle Forest Estate - Wind Turbines",55.32376,-4.40614,Wind Onshore,100.0,Strathclyde,Scotland,Application Submitted
44,T_NOKYW-2,"Breezy Hill, North Kyle Forest Estate - Wind Turbines",55.32376,-4.40614,Wind Onshore,100.0,Strathclyde,Scotland,Application Submitted
45,T_WISTW-2,Brochloch Rig (formerly Windy Standard II),55.29221,-4.20315,Wind Onshore,90.0,Dumfries and Galloway,Scotland,Operational
46,T_BROCW-1,Broken Cross (Former Surface Mine),55.6045,-3.81617,Wind Onshore,48.0,South Lanarkshire,Scotland,Under Construction
47,E_BROFB-1,"Brook Farm, High Street - Battery Energy Storage",53.02902,-1.37279,Battery,,Derbyshire,East Midlands,Awaiting Construction
48,E_BURBO,Burbo Bank,53.48818,-3.18492,Wind Offshore,90.0,Offshore,Offshore,Operational
49,T_BRBEO-1,Burbo Bank,53.48818,-3.18492,Wind Offshore,90.0,Offshore,Offshore,Operational
50,E_BNWKW-1,Burn of Whilk,58.35676,-3.20385,Wind Onshore,22.5,Highland,Scotland,Operational
51,E_BURWB-1,Burwell - Battery Storage,52.2786,0.31626,Battery,50.0,Cambridgeshire,Eastern,Operational
52,T_BURWS-1,Burwell Solar Farm,52.284,0.30403,Solar Photovoltaics,49.9,Cambridgeshire,Eastern,Under Construction
53,V__NHABI005,Camilla Battery Storage,56.10897,-3.26616,Battery,49.99,Fife,Scotland,Operational
54,2__PEDGE003,Camster,58.40865,-3.27151,Wind Onshore,50.0,Highland,Scotland,Operational
55,T_PINFB-1,"Capenhurst Lane, Capenhurst - Battery storage",53.2679,-2.95031,Battery,57.0,Cheshire,North West,Under Construction
56,T_PINFB-4,"Capenhurst Lane, Capenhurst - Battery storage",53.2679,-2.95031,Battery,57.0,Cheshire,North West,Under Construction
57,T_PINFB-3,"Capenhurst Lane, Capenhurst - Battery storage",53.2679,-2.95031,Battery,57.0,Cheshire,North West,Under Construction
58,T_PINFB-2,"Capenhurst Lane, Capenhurst - Battery storage",53.2679,-2.95031,Battery,57.0,Cheshire,North West,Under Construction
59,T_CRGHW-1,Carraig Gheal,56.33901,-5.29454,Wind Onshore,46.0,Strathclyde,Scotland,Operational
60,2__PSMAE001,Causeymire,58.44347,-3.08542,Wind Onshore,48.3,Highland,Scotland,Operational
61,T_LNCSW-2,Centrica (Lincs),53.18417,0.49808,Wind Offshore,270.0,Offshore,Offshore,Operational
62,T_LNCSW-1,Centrica (Lincs),53.18417,0.49808,Wind Offshore,270.0,Offshore,Offshore,Operational
63,E_CLAC-1,Clachan Flats Wind Farm,56.28809,-4.94289,Wind Onshore,15.0,Strathclyde,Scotland,Operational
64,E_CLFLW-1,Clachan Flats Wind Farm,56.28809,-4.94289,Wind Onshore,15.0,Strathclyde,Scotland,Operational
65,E_CLDRW-1,Clashindarroch,57.37103,-2.85794,Wind Onshore,129.0,Grampian,Scotland,Revised
66,E_CLDRW-1,Clashindarroch,57.36648,-2.86615,Wind Onshore,37.0,Grampian,Scotland,Operational
67,E_CLDRW-1,Clashindarroch 2,57.38397,-2.93309,Wind Onshore,77.0,Grampian,Scotland,Awaiting Construction
68,T_CLDCW-1,Clyde Wind Farm,55.44163,-3.54273,Wind Onshore,350.0,Strathclyde,Scotland,Operational
69,T_CLDNW-1,Clyde Wind Farm,55.44163,-3.54273,Wind Onshore,350.0,Strathclyde,Scotland,Operational
70,T_CLDSW-1,Clyde Wind Farm,55.44163,-3.54273,Wind Onshore,350.0,Strathclyde,Scotland,Operational
71,E_CNCLW-1,Coire Na Cloiche Wind Farm,57.76962,-4.37316,Wind Onshore,29.9,Highland,Scotland,Operational
72,E_CORB-1,Corby Biomass Plant,52.50861,-0.67832,Biomass (dedicated),14.3,Northamptonshire,East Midlands,Abandoned
73,T_CGTHW-1,Corriegarth,57.19008,-4.35964,Wind Onshore,69.5,Highland,Scotland,Operational
74,T_CRMLW-1,Corriemoillie,57.66873,-4.77302,Wind Onshore,54.4,Highland,Scotland,Operational
75,T_CDCL-1,Cottam Wind Farm,53.31057,-0.80286,Wind Onshore,27.6,Nottinghamshire,East Midlands,Revised
76,T_CDCL-1,Cottam wind farm,53.32322,-0.78503,Wind Onshore,6.9,Nottinghamshire,East Midlands,Application Withdrawn
77,T_COUWW-1,Cour Wind Farm,55.68068,-5.48493,Wind Onshore,20.5,Strathclyde,Scotland,Operational
78,E_CRGTW-1,Craig Wind Farm,55.16412,-3.06899,Wind Onshore,10.0,Dumfries and Galloway,Scotland,Operational
79,T_CREAW-1,Creag Riabhach Wind Farm,58.2193,-4.51121,Wind Onshore,92.4,Highland,Scotland,Operational
80,2__MSTAT001,Creyke Beck,53.79827,-0.42102,Battery,49.9,Humberside,Yorkshire and Humber,Operational
81,T_CRDEW-1,Crossdykes,55.17615,-3.17287,Wind Onshore,48.0,Dumfries and Galloway,Scotland,Operational
82,T_CRDEW-2,Crossdykes,55.17615,-3.17287,Wind Onshore,48.0,Dumfries and Galloway,Scotland,Operational
83,T_CRUA-4,Cruachan,56.41115,-5.11345,Pumped Storage Hydroelectricity,440.0,Argyll and Bute,Scotland,Operational
84,T_CRUA-3,Cruachan,56.41115,-5.11345,Pumped Storage Hydroelectricity,440.0,Argyll and Bute,Scotland,Operational
85,T_CRUA-1,Cruachan,56.41115,-5.11345,Pumped Storage Hydroelectricity,440.0,Argyll and Bute,Scotland,Operational
86,T_CRUA-2,Cruachan,56.41115,-5.11345,Pumped Storage Hydroelectricity,440.0,Argyll and Bute,Scotland,Operational
87,T_CRYRW-3,Crystal Rig Extension II,55.91289,-2.54549,Wind Onshore,20.7,Borders,Scotland,Operational
88,T_CRYRW-2,Crystal Rig Wind Farm Phase 2a,55.89948,-2.52931,Wind Onshore,138.0,Borders,Scotland,Operational
89,T_CRYRW-3,Crystal Rig Wind Farm Phase 2a,55.89948,-2.52931,Wind Onshore,138.0,Borders,Scotland,Operational
90,T_CRYRW-3,Crystal Rig Wind Farm Phase III,55.92641,-2.53448,Wind Onshore,13.8,Borders,Scotland,Operational
91,T_CRYRW-2,Crystal Rig Wind Farm Phase III,55.92641,-2.53448,Wind Onshore,13.8,Borders,Scotland,Operational
92,T_CRYRW-2,Crystal Rig Wind Farm Phase IV,55.90308,-2.52776,Wind Onshore,48.0,Borders,Scotland,Under Construction
93,T_CRYRW-3,Crystal Rig Wind Farm Phase IV,55.90308,-2.52776,Wind Onshore,48.0,Borders,Scotland,Under Construction
94,T_CUMHW-1,Cumberhead Wind Farm,55.57184,-3.95894,Wind Onshore,48.0,South Lanarkshire,Scotland,Operational
95,E_CWMD-1,Cwm Dyli,53.04255,-4.03337,Large Hydro,9.9,Gwynedd,Wales,Operational
96,T_DALQW-1,Dalquhandy Windfarm,55.18061,-4.90958,Wind Onshore,45.0,Strathclyde,Scotland,Planning Permission Expired
97,E_DALSW-1,Dalswinton,55.1841,-3.65056,Wind Onshore,30.0,Dumfries and Galloway,Scotland,Operational
98,T_DRSLW-1,Dersalloch,55.30426,-4.48822,Wind Onshore,69.0,Strathclyde,Scotland,Operational
99,T_DINO-4,Dinorwig,53.11861,-4.11389,Pumped Storage Hydroelectricity,1728.0,Conwy,Wales,Operational
100,T_DINO-5,Dinorwig,53.11861,-4.11389,Pumped Storage Hydroelectricity,1728.0,Conwy,Wales,Operational
101,T_DINO-2,Dinorwig,53.11861,-4.11389,Pumped Storage Hydroelectricity,1728.0,Conwy,Wales,Operational
102,T_DINO-1,Dinorwig,53.11861,-4.11389,Pumped Storage Hydroelectricity,1728.0,Conwy,Wales,Operational
103,T_DINO-6,Dinorwig,53.11861,-4.11389,Pumped Storage Hydroelectricity,1728.0,Conwy,Wales,Operational
104,T_DINO-3,Dinorwig,53.11861,-4.11389,Pumped Storage Hydroelectricity,1728.0,Conwy,Wales,Operational
105,T_DBAWO-2,Dogger Bank A & B (was Creyke Beck A & B),55.96734,1.66792,Wind Offshore,2400.0,Offshore,Offshore,Under Construction
106,T_DBAWO-3,Dogger Bank A & B (was Creyke Beck A & B),55.96734,1.66792,Wind Offshore,2400.0,Offshore,Offshore,Under Construction
107,T_DBAWO-1,Dogger Bank A & B (was Creyke Beck A & B),55.96734,1.66792,Wind Offshore,2400.0,Offshore,Offshore,Under Construction
108,T_DBAWO-4,Dogger Bank A & B (was Creyke Beck A & B),55.96734,1.66792,Wind Offshore,2400.0,Offshore,Offshore,Under Construction
109,T_DBAWO-5,Dogger Bank A & B (was Creyke Beck A & B),55.96734,1.66792,Wind Offshore,2400.0,Offshore,Offshore,Under Construction
110,T_DOREW-2,Dorenell Wind Farm (Previously Site A and B Scaut Hill),57.3509,-3.13168,Wind Onshore,177.0,Grampian,Scotland,Operational
111,T_DOREW-1,Dorenell Wind Farm (Previously Site A and B Scaut Hill),57.3509,-3.13168,Wind Onshore,177.0,Grampian,Scotland,Operational
112,2__JSTAT002,Dorking Battery Energy Storage System,51.23044,-0.35481,Battery,6.0,Surrey,South East,Operational
113,T_DOUGW-1,Douglas West Wind Farm (extension),55.58736,-3.8901,Wind Onshore,78.0,Strathclyde,Scotland,Awaiting Construction
114,T_DOUGW-1,Douglas West Wind Farm (extension),55.58736,-3.8901,Battery,20.0,Strathclyde,Scotland,Application Submitted
115,T_DOUGW-1,Douglas West Wind Farm (extension),55.58736,-3.8901,Battery,20.0,Strathclyde,Scotland,Awaiting Construction
116,T_DALQW-1,Douglas West and Dalquhandy Renewable Energy Project,55.58736,-3.8901,Wind Onshore,49.0,South Lanarkshire,Scotland,Under Construction
117,T_DOUGW-1,Douglas West and Dalquhandy Renewable Energy Project,55.58736,-3.8901,Wind Onshore,49.0,South Lanarkshire,Scotland,Under Construction
118,E_DBFRM-1,Down Barn Farm,51.19357,-1.68555,Solar Photovoltaics,49.9,Wiltshire,South West,Awaiting Construction
119,T_DRAXX-1,Drax Biomass Power Station - Unit 1,53.73559,-0.9911,Biomass (co-firing),645.0,North Yorkshire,Yorkshire and Humber,Operational
120,T_DRAXX-5,Drax Biomass Power Station - Unit 1,53.73559,-0.9911,Biomass (co-firing),645.0,North Yorkshire,Yorkshire and Humber,Operational
121,T_DRAXX-3,Drax Biomass Power Station - Unit 1,53.73559,-0.9911,Biomass (co-firing),645.0,North Yorkshire,Yorkshire and Humber,Operational
122,T_DRAXX-2,Drax Biomass Power Station - Unit 1,53.73559,-0.9911,Biomass (co-firing),645.0,North Yorkshire,Yorkshire and Humber,Operational
123,T_DRAXX-6,Drax Biomass Power Station - Unit 1,53.73559,-0.9911,Biomass (co-firing),645.0,North Yorkshire,Yorkshire and Humber,Operational
124,E__MDRX002,Drax Biomass Power Station - Unit 1,53.73559,-0.9911,Biomass (co-firing),645.0,North Yorkshire,Yorkshire and Humber,Operational
125,T_DRAXX-4,Drax Biomass Power Station - Unit 1,53.73559,-0.9911,Biomass (co-firing),645.0,North Yorkshire,Yorkshire and Humber,Operational
126,T_DRAXX-6,Drax Biomass Power Station - Unit 2,53.73559,-0.9911,Biomass (dedicated),645.0,North Yorkshire,Yorkshire and Humber,Operational
127,T_DRAXX-3,Drax Biomass Power Station - Unit 2,53.73559,-0.9911,Biomass (dedicated),645.0,North Yorkshire,Yorkshire and Humber,Operational
128,T_DRAXX-2,Drax Biomass Power Station - Unit 2,53.73559,-0.9911,Biomass (dedicated),645.0,North Yorkshire,Yorkshire and Humber,Operational
129,T_DRAXX-4,Drax Biomass Power Station - Unit 2,53.73559,-0.9911,Biomass (dedicated),645.0,North Yorkshire,Yorkshire and Humber,Operational
130,T_DRAXX-1,Drax Biomass Power Station - Unit 2,53.73559,-0.9911,Biomass (dedicated),645.0,North Yorkshire,Yorkshire and Humber,Operational
131,T_DRAXX-5,Drax Biomass Power Station - Unit 2,53.73559,-0.9911,Biomass (dedicated),645.0,North Yorkshire,Yorkshire and Humber,Operational
132,E__MDRX002,Drax Biomass Power Station - Unit 2,53.73559,-0.9911,Biomass (dedicated),645.0,North Yorkshire,Yorkshire and Humber,Operational
133,E__MDRX002,Drax Biomass Power Station - Unit 3,53.73559,-0.9911,Biomass (dedicated),645.0,North Yorkshire,Yorkshire and Humber,Operational
134,T_DRAXX-6,Drax Biomass Power Station - Unit 3,53.73559,-0.9911,Biomass (dedicated),645.0,North Yorkshire,Yorkshire and Humber,Operational
135,T_DRAXX-1,Drax Biomass Power Station - Unit 3,53.73559,-0.9911,Biomass (dedicated),645.0,North Yorkshire,Yorkshire and Humber,Operational
136,T_DRAXX-5,Drax Biomass Power Station - Unit 3,53.73559,-0.9911,Biomass (dedicated),645.0,North Yorkshire,Yorkshire and Humber,Operational
137,T_DRAXX-4,Drax Biomass Power Station - Unit 3,53.73559,-0.9911,Biomass (dedicated),645.0,North Yorkshire,Yorkshire and Humber,Operational
138,T_DRAXX-3,Drax Biomass Power Station - Unit 3,53.73559,-0.9911,Biomass (dedicated),645.0,North Yorkshire,Yorkshire and Humber,Operational
139,T_DRAXX-2,Drax Biomass Power Station - Unit 3,53.73559,-0.9911,Biomass (dedicated),645.0,North Yorkshire,Yorkshire and Humber,Operational
140,T_DRAXX-3,Drax Biomass Power Station - Unit 4,53.73559,-0.9911,Biomass (dedicated),645.0,North Yorkshire,Yorkshire and Humber,Operational
141,E__MDRX002,Drax Biomass Power Station - Unit 4,53.73559,-0.9911,Biomass (dedicated),645.0,North Yorkshire,Yorkshire and Humber,Operational
142,T_DRAXX-1,Drax Biomass Power Station - Unit 4,53.73559,-0.9911,Biomass (dedicated),645.0,North Yorkshire,Yorkshire and Humber,Operational
143,T_DRAXX-6,Drax Biomass Power Station - Unit 4,53.73559,-0.9911,Biomass (dedicated),645.0,North Yorkshire,Yorkshire and Humber,Operational
144,T_DRAXX-4,Drax Biomass Power Station - Unit 4,53.73559,-0.9911,Biomass (dedicated),645.0,North Yorkshire,Yorkshire and Humber,Operational
145,T_DRAXX-2,Drax Biomass Power Station - Unit 4,53.73559,-0.9911,Biomass (dedicated),645.0,North Yorkshire,Yorkshire and Humber,Operational
146,T_DRAXX-5,Drax Biomass Power Station - Unit 4,53.73559,-0.9911,Biomass (dedicated),645.0,North Yorkshire,Yorkshire and Humber,Operational
147,T_DRAXX-3,Drax Heron Renewable Energy Park,53.63877,-0.21532,Biomass (dedicated),290.0,Humberside,Yorkshire and Humber,Abandoned
148,E__MDRX002,Drax Heron Renewable Energy Park,53.63877,-0.21532,Biomass (dedicated),290.0,Humberside,Yorkshire and Humber,Abandoned
149,T_DRAXX-5,Drax Heron Renewable Energy Park,53.63877,-0.21532,Biomass (dedicated),290.0,Humberside,Yorkshire and Humber,Abandoned
150,T_DRAXX-6,Drax Heron Renewable Energy Park,53.63877,-0.21532,Biomass (dedicated),290.0,Humberside,Yorkshire and Humber,Abandoned
151,T_DRAXX-4,Drax Heron Renewable Energy Park,53.63877,-0.21532,Biomass (dedicated),290.0,Humberside,Yorkshire and Humber,Abandoned
152,T_DRAXX-1,Drax Heron Renewable Energy Park,53.63877,-0.21532,Biomass (dedicated),290.0,Humberside,Yorkshire and Humber,Abandoned
153,T_DRAXX-2,Drax Heron Renewable Energy Park,53.63877,-0.21532,Biomass (dedicated),290.0,Humberside,Yorkshire and Humber,Abandoned
154,T_DRAXX-1,Drax Ouse Renewable Energy Park,53.7475,-0.99083,Biomass (dedicated),290.0,North Yorkshire,Yorkshire and Humber,Abandoned
155,E__MDRX002,Drax Ouse Renewable Energy Park,53.7475,-0.99083,Biomass (dedicated),290.0,North Yorkshire,Yorkshire and Humber,Abandoned
156,T_DRAXX-5,Drax Ouse Renewable Energy Park,53.7475,-0.99083,Biomass (dedicated),290.0,North Yorkshire,Yorkshire and Humber,Abandoned
157,T_DRAXX-3,Drax Ouse Renewable Energy Park,53.7475,-0.99083,Biomass (dedicated),290.0,North Yorkshire,Yorkshire and Humber,Abandoned
158,T_DRAXX-6,Drax Ouse Renewable Energy Park,53.7475,-0.99083,Biomass (dedicated),290.0,North Yorkshire,Yorkshire and Humber,Abandoned
159,T_DRAXX-4,Drax Ouse Renewable Energy Park,53.7475,-0.99083,Biomass (dedicated),290.0,North Yorkshire,Yorkshire and Humber,Abandoned
160,T_DRAXX-2,Drax Ouse Renewable Energy Park,53.7475,-0.99083,Biomass (dedicated),290.0,North Yorkshire,Yorkshire and Humber,Abandoned
161,T_DDGNO-4,Dudgeon East,53.11746,0.61347,Wind Offshore,402.0,Offshore,Offshore,Operational
162,T_DDGNO-1,Dudgeon East,53.11746,0.61347,Wind Offshore,402.0,Offshore,Offshore,Operational
163,T_DDGNO-3,Dudgeon East,53.11746,0.61347,Wind Offshore,402.0,Offshore,Offshore,Operational
164,T_DDGNO-2,Dudgeon East,53.11746,0.61347,Wind Offshore,402.0,Offshore,Offshore,Operational
165,T_DDGNO-3,Dudgeon Extension Project,53.14934,1.18427,Wind Offshore,402.0,Offshore,Offshore,Awaiting Construction
166,T_DDGNO-1,Dudgeon Extension Project,53.14934,1.18427,Wind Offshore,402.0,Offshore,Offshore,Awaiting Construction
167,T_DDGNO-2,Dudgeon Extension Project,53.14934,1.18427,Wind Offshore,402.0,Offshore,Offshore,Awaiting Construction
168,T_DDGNO-4,Dudgeon Extension Project,53.14934,1.18427,Wind Offshore,402.0,Offshore,Offshore,Awaiting Construction
169,T_DNLWW-1,Dun Law,55.80646,-2.84603,Wind Onshore,17.2,Borders,Scotland,Operational
170,T_DUNGW-1,Dunmaglass Wind Farm,57.25148,-4.2558,Wind Onshore,94.0,Highland,Scotland,Operational
171,T_EAAO-2,East Anglia 1 (EA 1),52.13696,2.1728,Wind Offshore,714.0,Offshore,Offshore,Operational
172,T_EAAO-1,East Anglia 1 (EA 1),52.13696,2.1728,Wind Offshore,714.0,Offshore,Offshore,Operational
173,T_EAAO-2,East Anglia 1 North (EA 4),52.13696,2.1728,Wind Offshore,800.0,Offshore,Offshore,Awaiting Construction
174,T_EAAO-1,East Anglia 1 North (EA 4),52.13696,2.1728,Wind Offshore,800.0,Offshore,Offshore,Awaiting Construction
175,T_EAAO-2,East Anglia 2 (EA 2),52.72099,2.16871,Wind Offshore,900.0,Offshore,Offshore,Awaiting Construction
176,E_TULWW-2,Easter Tulloch Wind Farm (Tullo Extension),56.83639,-2.3957,Wind Onshore,25.0,Grampian,Scotland,Operational
177,T_EDINW-1,Edinbane Wind Farm,57.46913,-6.43221,Wind Onshore,41.4,Highland,Scotland,Operational
178,T_ABRBO-1,European Offshore Wind Deployment Centre (EOWDC) (Aberdeen Bay - Demonstration site),57.1462,-2.07281,Wind Offshore,96.8,Offshore,Offshore,Operational
179,T_EWHLW-1,Ewe Hill,55.10709,-3.33387,Wind Onshore,13.8,Dumfries and Galloway,Scotland,Operational
180,T_FALGW-1,Fallago Rig,55.83131,-2.68803,Wind Onshore,144.0,Borders,Scotland,Operational
181,T_FARR-2,Farr Wind Farm,57.33392,-4.10301,Wind Onshore,92.0,Highland,Scotland,Operational
182,T_FARR-1,Farr Wind Farm,57.33392,-4.10301,Wind Onshore,92.0,Highland,Scotland,Operational
183,E_FASN-4,Fasnakyle Hydro Extension,57.32719,-4.79458,Large Hydro,7.5,Highland,Scotland,Operational
184,T_FASN-1,Fasnakyle Hydro Extension,57.32719,-4.79458,Large Hydro,7.5,Highland,Scotland,Operational
185,T_FASN-2,Fasnakyle Hydro Extension,57.32719,-4.79458,Large Hydro,7.5,Highland,Scotland,Operational
186,E_FASN-3,Fasnakyle Hydro Extension,57.32719,-4.79458,Large Hydro,7.5,Highland,Scotland,Operational
187,E_FAWN-1,Fawley Waste to Energy Plant,50.8485,-1.3796,EfW Incineration,8.6,Hampshire,South East,Operational
188,2__PSTAT002,Fetteresso Wind Farm (Mid Hill 3),56.96441,-2.34737,Wind Onshore,42.0,Grampian,Scotland,Awaiting Construction
189,T_FFES-2,Ffestiniog,52.98083,-3.96889,Pumped Storage Hydroelectricity,360.0,Conwy,Wales,Operational
190,T_FFES-1,Ffestiniog,52.98083,-3.96889,Pumped Storage Hydroelectricity,360.0,Conwy,Wales,Operational
191,T_FFES-3,Ffestiniog,52.98083,-3.96889,Pumped Storage Hydroelectricity,360.0,Conwy,Wales,Operational
192,T_FFES-4,Ffestiniog,52.98083,-3.96889,Pumped Storage Hydroelectricity,360.0,Conwy,Wales,Operational
193,T_FOYED-1,Foyers,57.25436,-4.49382,Pumped Storage Hydroelectricity,300.0,Highland,Scotland,Operational
194,T_FOYE-2,Foyers,57.25436,-4.49382,Pumped Storage Hydroelectricity,300.0,Highland,Scotland,Operational
195,T_FOYE-1,Foyers,57.25436,-4.49382,Pumped Storage Hydroelectricity,300.0,Highland,Scotland,Operational
196,T_FSDLW-1,Freasdail Wind Farm,55.77701,-5.47064,Wind Onshore,22.5,Strathclyde,Scotland,Operational
197,T_GLWSW-1,Galawhistle,55.53957,-3.97542,Wind Onshore,66.0,Strathclyde,Scotland,Operational
198,T_GANW-13,Galloper Wind Farm,51.87999,2.03999,Wind Offshore,353.0,Offshore,Offshore,Operational
199,T_GANW-11,Galloper Wind Farm,51.87999,2.03999,Wind Offshore,353.0,Offshore,Offshore,Operational
200,T_GANW-24,Galloper Wind Farm,51.87999,2.03999,Wind Offshore,353.0,Offshore,Offshore,Operational
201,T_GANW-22,Galloper Wind Farm,51.87999,2.03999,Wind Offshore,353.0,Offshore,Offshore,Operational
202,T_GNAPW-1,Glen App,55.00066,-4.98968,Wind Onshore,22.0,Strathclyde,Scotland,Operational
203,T_GLNKW-1,Glen Kyllachy Wind Farm,57.32073,-4.08565,Wind Onshore,48.5,Highland,Scotland,Operational
204,E_GLCHW-1,Glenchamber Wind Farm,54.96342,-4.75433,Wind Onshore,27.5,Dumfries and Galloway,Scotland,Operational
205,T_GLNDO-1,Glendoe Hydro Scheme,57.14365,-4.6592,Large Hydro,100.0,Highland,Scotland,Operational
206,E_GLOFW-1,Glens of Foudland,57.42535,-2.63607,Wind Onshore,26.0,Grampian,Scotland,Operational
207,E_GFLDW-1,Goole Fields,53.66593,-0.88928,Wind Onshore,32.8,Humberside,Yorkshire and Humber,Operational
208,E_GFLDW-1,Goole Fields ll Wind Farm,53.67678,-0.8868,Wind Onshore,34.9,Humberside,Yorkshire and Humber,Operational
209,T_GORDW-2,Gordonbush,58.0595,-3.95905,Wind Onshore,70.0,Highland,Scotland,Operational
210,T_GORDW-1,Gordonbush,58.0595,-3.95905,Wind Onshore,70.0,Highland,Scotland,Operational
211,E_GDSTW-1,Gordonstown Hill Wind Farm,57.46192,-2.48276,Wind Onshore,12.5,Grampian,Scotland,Operational
212,M_CAS-GAR01,Great Glen Scheme,57.20163,-4.72133,Large Hydro,36.0,Highland,Scotland,Operational
213,M_CAS-MOR01,Great Glen Scheme,57.20163,-4.72133,Large Hydro,36.0,Highland,Scotland,Operational
214,T_GRGBW-3,Greater Gabbard Wind Farm,51.91764,1.92842,Wind Offshore,504.0,Offshore,Offshore,Operational
215,T_GRGBW-1,Greater Gabbard Wind Farm,51.91764,1.92842,Wind Offshore,504.0,Offshore,Offshore,Operational
216,T_GRGBW-2,Greater Gabbard Wind Farm,51.91764,1.92842,Wind Offshore,504.0,Offshore,Offshore,Operational
217,E_GRGRW-1,Greengairs East Wind Farm,55.90107,-3.91201,Wind Onshore,24.0,Strathclyde,Scotland,Operational
218,T_GRIFW-1,Griffin Wind farm,56.58122,-3.73375,Wind Onshore,156.0,Tayside,Scotland,Operational
219,T_GRIFW-2,Griffin Wind farm,56.58122,-3.73375,Wind Onshore,156.0,Tayside,Scotland,Operational
220,T_GNFSW-1,Gunfleet Sands - (Demo) Extension,51.70301,1.19191,Wind Offshore,12.0,Offshore,Offshore,Operational
221,T_GNFSW-2,Gunfleet Sands - (Demo) Extension,51.70301,1.19191,Wind Offshore,12.0,Offshore,Offshore,Operational
222,T_GNFSW-1,Gunfleet Sands II,51.72719,1.24592,Wind Offshore,64.8,Offshore,Offshore,Operational
223,T_GNFSW-2,Gunfleet Sands II,51.72719,1.24592,Wind Offshore,64.8,Offshore,Offshore,Operational
224,T_GNFSW-1,Gunfleet Sands Offshore Wind Scheme,51.73082,1.21801,Wind Offshore,108.0,Offshore,Offshore,Operational
225,T_GNFSW-2,Gunfleet Sands Offshore Wind Scheme,51.73082,1.21801,Wind Offshore,108.0,Offshore,Offshore,Operational
226,T_GYMR-28,Gwynt y Mor,53.454,-3.62665,Wind Offshore,576.0,Offshore,Offshore,Operational
227,T_GYMR-17,Gwynt y Mor,53.454,-3.62665,Wind Offshore,576.0,Offshore,Offshore,Operational
228,T_GYMR-26,Gwynt y Mor,53.454,-3.62665,Wind Offshore,576.0,Offshore,Offshore,Operational
229,T_GYMR-15,Gwynt y Mor,53.454,-3.62665,Wind Offshore,576.0,Offshore,Offshore,Operational
230,T_HADHW-1,Hadyard Hill,55.25682,-4.73191,Wind Onshore,120.0,Strathclyde,Scotland,Operational
231,T_HALSW-1,Halsary Wind Farm,58.4309,-3.44445,Wind Onshore,34.0,Highland,Scotland,Operational
232,E_HBHDW-1,Harburnhead Wind Farm,55.80868,-3.53217,Wind Onshore,51.7,Lothian,Scotland,Operational
233,E_HRHLW-1,Hare Hill,54.76158,-1.41511,Wind Onshore,1.3,County Durham,North East,Operational
234,E_HRHLW-1,Hare Hill (East Ayrshire),55.3628,-4.12628,Wind Onshore,13.2,Strathclyde,Scotland,Operational
235,T_HRSTW-1,Harestanes,55.23903,-3.5742,Wind Onshore,136.0,Dumfries and Galloway,Scotland,Operational
236,E_HAWKB-1,Hawkers Hill Energy Park,51.01348,-2.2128,Battery,20.0,Dorset,South West,Operational
237,T_HEYM11,Heysham South Wind Farm,54.03424,-2.86498,Wind Onshore,7.5,Lancashire,North West,Operational
238,T_HEYM12,Heysham South Wind Farm,54.03424,-2.86498,Wind Onshore,7.5,Lancashire,North West,Operational
239,E_HLGLW-1,Hill of Glaschyle Wind Farm,57.51052,-3.61559,Wind Onshore,27.6,Grampian,Scotland,Operational
240,E_HLTWW-1,Hill of Towie (Drummuir),57.62284,-3.34105,Wind Onshore,48.0,Grampian,Scotland,Operational
241,E_HLTWW-1,Hill of Towie II Wind Farm,57.62284,-3.34105,Wind Onshore,48.0,Grampian,Scotland,Planning Permission Expired
242,E_BHOLB-1,Holes Bay,50.72632,-1.99021,Battery,15.0,Dorset,South West,Under Construction
243,T_HOWAO-3,Hornsea 1 - Heron & Njord,53.68154,1.42074,Wind Offshore,1218.0,Offshore,Offshore,Operational
244,T_HOWAO-1,Hornsea 1 - Heron & Njord,53.68154,1.42074,Wind Offshore,1218.0,Offshore,Offshore,Operational
245,T_HOWAO-2,Hornsea 1 - Heron & Njord,53.68154,1.42074,Wind Offshore,1218.0,Offshore,Offshore,Operational
246,T_HOWBO-3,Hornsea 2 - Optimus and Breesea,53.96,1.53999,Wind Offshore,1320.0,Offshore,Offshore,Operational
247,T_HOWBO-2,Hornsea 2 - Optimus and Breesea,53.96,1.53999,Wind Offshore,1320.0,Offshore,Offshore,Operational
248,T_HOWBO-1,Hornsea 2 - Optimus and Breesea,53.96,1.53999,Wind Offshore,1320.0,Offshore,Offshore,Operational
249,T_HMGTO-1,Humber Gateway A,53.38746,0.50064,Wind Offshore,219.0,Offshore,Offshore,Operational
250,T_HMGTO-2,Humber Gateway A,53.38746,0.50064,Wind Offshore,219.0,Offshore,Offshore,Operational
251,E_HYWDW-1,Hywind Scotland Pilot Park (Hywind 2) Demonstrator,57.50746,-1.44258,Wind Offshore,30.0,Offshore,Offshore,Operational
252,T_KEAD-2,Keadby Wind Farm,53.6118,-0.76369,Wind Onshore,68.0,Humberside,Yorkshire and Humber,Operational
253,T_KEAD-1,Keadby Wind Farm,53.6118,-0.76369,Wind Onshore,68.0,Humberside,Yorkshire and Humber,Operational
254,T_KEADGT-3,Keadby Wind Farm,53.6118,-0.76369,Wind Onshore,68.0,Humberside,Yorkshire and Humber,Operational
255,T_KTHLW-1,Keith Hill,55.83945,-2.8421,Wind Onshore,25.0,Lothian,Scotland,Revised
256,T_KTHLW-1,Keith Hill,55.81727,-2.82546,Wind Onshore,4.5,Lothian,Scotland,Operational
257,T_KENNW-1,Kennoxhead Wind Farm,55.49792,-3.94631,Wind Onshore,62.0,Strathclyde,Scotland,Under Construction
258,T_KILBW-1,Kilbraur Windfarm,58.0404,-4.0588,Wind Onshore,47.5,Highland,Scotland,Operational
259,T_KILBW-1,Kilbraur Windfarm Farlary - Extension,57.99239,-3.97866,Wind Onshore,20.0,Highland,Scotland,Operational
260,T_KLGLW-1,Kilgallioch wind farm,54.98845,-4.80172,Wind Onshore,239.0,Dumfries and Galloway,Scotland,Operational
261,E_KINCW-1,Kincardine Offshore Windfarm,56.99728,-1.8738,Wind Offshore,49.5,Offshore,Offshore,Operational
262,2__PMARB002,Kinlochleven Hydro Power Station,56.71457,-4.96341,Large Hydro,19.5,Highland,Scotland,Operational
263,E_KHLLW-1,Kirk Hill Wind Farm,55.30642,-4.73986,Wind Onshore,18.8,South Ayrshire,Scotland,Operational
264,T_KPMRW-1,Kype Muir Wind Farm,55.63265,-4.0361,Wind Onshore,88.4,Strathclyde,Scotland,Operational
265,T_KYPEW-1,Kype Muir Wind Farm,55.63265,-4.0361,Wind Onshore,88.4,Strathclyde,Scotland,Operational
266,T_LAGA-1,Langage Energy Park - Hydrogen Production Facility,50.38977,-4.01137,Hydrogen,10.0,Devon,South West,Awaiting Construction
267,T_LARKS-1,Larks Green Solar Farm,51.57794,-2.47741,Solar Photovoltaics,70.0,Gloucestershire,South West,Operational
268,T_LARKS-1,Larks Green Solar Farm,51.57794,-2.47741,Battery,49.5,Gloucestershire,South West,Operational
269,2__PMARB001,Lochaber,56.82906,-5.07259,Large Hydro,65.0,Highland,Scotland,Operational
270,T_LCLTW-1,Lochluichart,57.65459,-4.8167,Wind Onshore,51.0,Highland,Scotland,Operational
271,T_LCLTW-1,Lochluichart (Extension),57.68011,-4.84136,Wind Onshore,18.0,Highland,Scotland,Operational
272,T_LCLTW-1,Lochluichart Extension II,57.67466,-4.81059,Wind Onshore,18.0,Highland,Scotland,Revised
273,T_LCLTW-1,Lochluichart Wind Farm Extension 2,57.69346,-4.76759,Wind Onshore,24.0,Highland,Scotland,Awaiting Construction
274,T_LARYW-1,London Array Phase 1,51.62168,1.49583,Wind Offshore,630.0,Offshore,Offshore,Operational
275,T_LARYW-2,London Array Phase 1,51.62168,1.49583,Wind Offshore,630.0,Offshore,Offshore,Operational
276,T_LARYW-4,London Array Phase 1,51.62168,1.49583,Wind Offshore,630.0,Offshore,Offshore,Operational
277,T_LARYW-3,London Array Phase 1,51.62168,1.49583,Wind Offshore,630.0,Offshore,Offshore,Operational
278,T_LARYW-4,London Array Phase 2,51.47158,1.04077,Wind Offshore,240.0,Offshore,Offshore,Abandoned
279,T_LARYW-2,London Array Phase 2,51.47158,1.04077,Wind Offshore,240.0,Offshore,Offshore,Abandoned
280,T_LARYW-1,London Array Phase 2,51.47158,1.04077,Wind Offshore,240.0,Offshore,Offshore,Abandoned
281,T_LARYW-3,London Array Phase 2,51.47158,1.04077,Wind Offshore,240.0,Offshore,Offshore,Abandoned
282,E_LYNE3,Lynemouth Power Station,55.20672,-1.5325,Biomass (dedicated),420.0,Northumberland,North East,Operational
283,E_LYNE1,Lynemouth Power Station,55.20672,-1.5325,Biomass (dedicated),420.0,Northumberland,North East,Operational
284,E_LYNE2,Lynemouth Power Station,55.20672,-1.5325,Biomass (dedicated),420.0,Northumberland,North East,Operational
285,T_MKHLW-1,Mark Hill,55.12837,-4.74631,Wind Onshore,56.0,Strathclyde,Scotland,Operational
286,E_MARK-1,Markinch Biomass CHP Plant,56.20118,-3.16225,Biomass (dedicated),65.0,Fife,Scotland,Operational
287,2__PSTAT002,Mid Hill - Phase II,56.96877,-2.48616,Wind Onshore,18.4,Grampian,Scotland,Operational
288,2__PSTAT002,Mid Hill I,56.96877,-2.48616,Wind Onshore,57.5,Grampian,Scotland,Operational
289,T_MIDMW-1,Middle Muir Wind Farm,55.51289,-3.80402,Wind Onshore,51.0,Strathclyde,Scotland,Operational
290,T_MILWW-1,Millennium Extension,57.1502,-4.89117,Wind Onshore,10.0,Highland,Scotland,Operational
291,T_MILWW-1,Millennium Extension II,57.15523,-4.88364,Wind Onshore,15.0,Highland,Scotland,Operational
292,T_MILWW-1,Millennium Windfarm,57.15523,-4.88364,Wind Onshore,40.0,Highland,Scotland,Operational
293,T_MYGPW-1,Minnygap,55.24877,-3.5148,Wind Onshore,25.0,Dumfries and Galloway,Scotland,Operational
294,T_MYGPW-1,Minnygap,55.24877,-3.5148,Wind Onshore,30.0,Dumfries and Galloway,Scotland,Revised
295,E_MINSW-1,Minsca,55.12207,-3.35286,Wind Onshore,36.8,Dumfries and Galloway,Scotland,Operational
296,T_MOWEO-1,Moray East,57.96732,-2.79054,Wind Offshore,950.0,Offshore,Offshore,Operational
297,T_MOWEO-3,Moray East,57.96732,-2.79054,Wind Offshore,950.0,Offshore,Offshore,Operational
298,T_MOWEO-2,Moray East,57.96732,-2.79054,Wind Offshore,950.0,Offshore,Offshore,Operational
299,T_MOWWO-2,Moray West Offshore Wind Farm Project,58.06989,-3.31307,Wind Offshore,882.0,Offshore,Offshore,Under Construction
300,T_MOWWO-3,Moray West Offshore Wind Farm Project,58.06989,-3.31307,Wind Offshore,882.0,Offshore,Offshore,Under Construction
301,T_MOWWO-1,Moray West Offshore Wind Farm Project,58.06989,-3.31307,Wind Offshore,882.0,Offshore,Offshore,Under Construction
302,T_MOWWO-4,Moray West Offshore Wind Farm Project,58.06989,-3.31307,Wind Offshore,882.0,Offshore,Offshore,Under Construction
303,E_MOYEW-1,Moy Wind Farm,57.38883,-4.0488,Wind Onshore,40.0,Highland,Scotland,Abandoned
304,E_MOYEW-1,Moy Wind Farm (2nd Application),57.38883,-4.0488,Wind Onshore,66.0,Highland,Scotland,Operational
305,T_NNGAO-1,Neart na Gaoithe,56.27,-2.25,Wind Offshore,450.0,Offshore,Offshore,Under Construction
306,T_NNGAO-2,Neart na Gaoithe,56.27,-2.25,Wind Offshore,450.0,Offshore,Offshore,Under Construction
307,T_NOKYW-2,North Kyle Energy Project,55.35173,-4.35966,Wind Onshore,205.8,Strathclyde,Scotland,Under Construction
308,T_NOKYW-1,North Kyle Energy Project,55.35173,-4.35966,Wind Onshore,205.8,Strathclyde,Scotland,Under Construction
309,T_OMNDW-1,Ormonde Offshore,54.08887,-3.43859,Wind Offshore,150.0,Offshore,Offshore,Operational
310,2__PENEC002,Paul's Hill and Extension,57.44615,-3.47621,Wind Onshore,65.0,Grampian,Scotland,Operational
311,2__PENEC002,Pauls Hill 2,57.44615,-3.47621,Wind Onshore,28.0,Grampian,Scotland,Awaiting Construction
312,2__ASTAT005,Pelham,51.93744,0.11918,Battery,49.0,Essex,Eastern,Operational
313,T_PNYCW-1,Pen Y Cymoedd,51.65554,-3.69573,Wind Onshore,228.0,Neath Port Talbot,Wales,Operational
314,T_PGBIW-1,Pogbie Wind Farm 1,55.82185,-2.83302,Wind Onshore,5.1,Lothian,Scotland,Operational
315,T_PGBIW-1,Pogbie Wind Farm 2,55.83945,-2.8421,Wind Onshore,4.8,East Lothian,Scotland,Operational
316,T_HEYM2-D,Port Of Heysham Wind Farm,54.03554,-2.91912,Wind Onshore,9.0,Lancashire,North West,Application Withdrawn
317,T_HEYM27,Port Of Heysham Wind Farm,54.03554,-2.91912,Wind Onshore,9.0,Lancashire,North West,Application Withdrawn
318,T_HEYM28,Port Of Heysham Wind Farm,54.03554,-2.91912,Wind Onshore,9.0,Lancashire,North West,Application Withdrawn
319,E_POTES-1,Port of Tyne,54.97727,-1.45591,Battery,35.0,Tyne and Wear,North East,Operational
320,T_RCBKO-1,Race Bank (Phase 1),53.13597,0.58917,Wind Offshore,289.8,Offshore,Offshore,Operational
321,T_RCBKO-2,Race Bank (Phase 1),53.13597,0.58917,Wind Offshore,289.8,Offshore,Offshore,Operational
322,T_RCBKO-1,Race Bank (Phase 2),53.13597,0.58917,Wind Offshore,283.5,Offshore,Offshore,Operational
323,T_RCBKO-2,Race Bank (Phase 2),53.13597,0.58917,Wind Offshore,283.5,Offshore,Offshore,Operational
324,T_RMPNO-1,Rampion Offshore Wind Farm (Hastings Zone),50.63999,-0.18,Wind Offshore,400.0,Offshore,Offshore,Operational
325,T_RMPNO-2,Rampion Offshore Wind Farm (Hastings Zone),50.63999,-0.18,Wind Offshore,400.0,Offshore,Offshore,Operational
326,T_RMPNO-1,"Rampion Wind Farm (Extension), (Rampion 2)",50.63999,-0.18,Wind Offshore,1200.0,Offshore,Offshore,Awaiting Construction
327,T_RMPNO-2,"Rampion Wind Farm (Extension), (Rampion 2)",50.63999,-0.18,Wind Offshore,1200.0,Offshore,Offshore,Awaiting Construction
328,E_RHEI-1,Rheidol Wind Farm,52.40758,-3.87723,Wind Onshore,2.4,Dyfed,Wales,Operational
329,T_RRWW-1,Robin Rigg East,54.76419,-3.69552,Wind Offshore,84.0,Offshore,Offshore,Operational
330,T_RREW-1,Robin Rigg East,54.76419,-3.69552,Wind Offshore,84.0,Offshore,Offshore,Operational
331,T_RREW-1,Robin Rigg West,54.7473,-3.72931,Wind Offshore,90.0,Offshore,Offshore,Operational
332,T_RRWW-1,Robin Rigg West,54.7473,-3.72931,Wind Offshore,90.0,Offshore,Offshore,Operational
333,E_ROOSB-1,Roosecote,54.10522,-3.19003,Battery,49.0,Cumbria,North West,Operational
334,2__PEDGE004,Rosehall Hill Forest Windfarm,57.99562,-4.54695,Wind Onshore,24.7,Highland,Scotland,Operational
335,2__PSTAT001,Rothes Wind (Cairn Uish),57.53726,-3.36296,Wind Onshore,50.6,Grampian,Scotland,Operational
336,2__PENEC001,Rothes Wind (Cairn Uish),57.53726,-3.36296,Wind Onshore,50.6,Grampian,Scotland,Operational
337,2__PENEC001,Rothes Wind Farm (Extension) (II),57.53726,-3.36296,Wind Onshore,41.4,Grampian,Scotland,Operational
338,2__PSTAT001,Rothes Wind Farm (Extension) (II),57.53726,-3.36296,Wind Onshore,41.4,Grampian,Scotland,Operational
339,2__PSTAT001,Rothes Wind Farm III,57.51526,-3.3204,Wind Onshore,132.0,Moray,Scotland,Awaiting Construction
340,2__PENEC001,Rothes Wind Farm III,57.51526,-3.3204,Wind Onshore,132.0,Moray,Scotland,Awaiting Construction
341,T_RUGPS-6,Rugeley Power Plant Conversion,52.75396,-1.91297,Biomass (dedicated),1000.0,Staffordshire,West Midlands,Abandoned
342,T_RUGGT-7,Rugeley Power Plant Conversion,52.75396,-1.91297,Biomass (dedicated),1000.0,Staffordshire,West Midlands,Abandoned
343,T_RUGPS-7,Rugeley Power Plant Conversion,52.75396,-1.91297,Biomass (dedicated),1000.0,Staffordshire,West Midlands,Abandoned
344,T_RUGGT-6,Rugeley Power Plant Conversion,52.75396,-1.91297,Biomass (dedicated),1000.0,Staffordshire,West Midlands,Abandoned
345,T_SAKNW-1,Sandy Knowe Wind Farm,55.37215,-4.05134,Wind Onshore,49.4,Dumfries and Galloway,Scotland,Revised
346,T_SAKNW-1,Sandy Knowe Wind Farm,55.37215,-4.05134,Wind Onshore,81.6,Dumfries and Galloway,Scotland,Operational
347,T_SAKNW-1,Sandy Knowe Wind Farm,55.36893,-4.05055,Wind Onshore,90.0,Dumfries and Galloway,Scotland,Revised
348,T_SAKNW-1,Sandy Knowe Wind Farm,55.37215,-4.05134,Wind Onshore,49.4,Dumfries and Galloway,Scotland,Revised
349,T_SAKNW-1,Sandy Knowe Wind Farm,55.37215,-4.05134,Wind Onshore,81.6,Dumfries and Galloway,Scotland,Operational
350,T_SANQW-1,Sanquhar Community Windfarm,55.34418,-4.04657,Wind Onshore,32.4,Dumfries and Galloway,Scotland,Operational
351,T_SGRWO-1,Seagreen,56.63551,-1.92662,Wind Offshore,1075.0,Offshore,Offshore,Operational
352,T_SGRWO-2,Seagreen,56.63551,-1.92662,Wind Offshore,1075.0,Offshore,Offshore,Operational
353,T_SGRWO-5,Seagreen,56.63551,-1.92662,Wind Offshore,1075.0,Offshore,Offshore,Operational
354,T_SGRWO-4,Seagreen,56.63551,-1.92662,Wind Offshore,1075.0,Offshore,Offshore,Operational
355,T_SGRWO-6,Seagreen,56.63551,-1.92662,Wind Offshore,1075.0,Offshore,Offshore,Operational
356,T_SGRWO-3,Seagreen,56.63551,-1.92662,Wind Offshore,1075.0,Offshore,Offshore,Operational
357,E_VKING-2,Seal Sands,54.61283,-1.17856,Advanced Conversion Technologies,24.0,County Durham,North East,Planning Permission Expired
358,T_SHRSW-1,Sheringham Shoal,53.13532,1.14792,Wind Offshore,317.0,Offshore,Offshore,Operational
359,T_SHRSW-2,Sheringham Shoal,53.13532,1.14792,Wind Offshore,317.0,Offshore,Offshore,Operational
360,T_SLOYD-1,Sloy Hydroelectric Power Station - Pumped Hydro Conversion,56.08073,-4.83385,Pumped Storage Hydroelectricity,100.0,Argyll and Bute ,Scotland,Application Submitted
361,T_SLOY-2,Sloy Hydroelectric Power Station - Pumped Hydro Conversion,56.08073,-4.83385,Pumped Storage Hydroelectricity,100.0,Argyll and Bute ,Scotland,Application Submitted
362,M_SLOY-4,Sloy Hydroelectric Power Station - Pumped Hydro Conversion,56.08073,-4.83385,Pumped Storage Hydroelectricity,100.0,Argyll and Bute ,Scotland,Application Submitted
363,T_SLOY-3,Sloy Hydroelectric Power Station - Pumped Hydro Conversion,56.08073,-4.83385,Pumped Storage Hydroelectricity,100.0,Argyll and Bute ,Scotland,Application Submitted
364,M_SLOY-1,Sloy Hydroelectric Power Station - Pumped Hydro Conversion,56.08073,-4.83385,Pumped Storage Hydroelectricity,100.0,Argyll and Bute ,Scotland,Application Submitted
365,E_SOLUTIA,Solutia UK Ltd,51.56658,-2.96262,Wind Onshore,5.0,Gwent,Wales,Operational
366,T_SHBA-1,South Humber Bank Power Station,53.60291,-0.14613,EfW Incineration,95.0,Humberside,Yorkshire and Humber,Awaiting Construction
367,T_SHBA-2,South Humber Bank Power Station,53.60291,-0.14613,EfW Incineration,95.0,Humberside,Yorkshire and Humber,Awaiting Construction
368,T_KILBW-1,South Kilbraur Wind Farm,58.03566,-4.06173,Wind Onshore,28.0,Highland,Scotland,Application Refused
369,T_SOKYW-1,South Kyle Wind Farm,55.31733,-4.29318,Wind Onshore,240.0,Strathclyde,Scotland,Under Construction
370,T_SPLN-1,Spalding,52.773,-0.14412,Biomass (dedicated),14.5,Lincolnshire,East Midlands,Operational
371,T_SEEL-1,Spalding,52.773,-0.14412,Biomass (dedicated),14.5,Lincolnshire,East Midlands,Operational
372,T_STRNW-1,Strathy North,58.49,-4.03359,Wind Onshore,67.7,Highland,Scotland,Operational
373,T_STLGW-3,Stronelairg Wind Farm,57.12692,-4.52637,Wind Onshore,227.7,Highland,Scotland,Operational
374,T_STLGW-2,Stronelairg Wind Farm,57.12692,-4.52637,Wind Onshore,227.7,Highland,Scotland,Operational
375,T_STLGW-1,Stronelairg Wind Farm,57.12692,-4.52637,Wind Onshore,227.7,Highland,Scotland,Operational
376,T_THNTO-2,Thanet,51.42993,1.63341,Wind Offshore,300.0,Offshore,Offshore,Operational
377,T_THNTO-1,Thanet,51.42993,1.63341,Wind Offshore,300.0,Offshore,Offshore,Operational
378,E_TGP1,Tilbury Green Power,51.4604,0.34968,Biomass (dedicated),43.0,Essex,Eastern,Operational
379,T_TDBNW-1,Toddleburn,55.76855,-2.87739,Wind Onshore,27.6,Borders,Scotland,Operational
380,C__PSTAT011,Tom Na Clach - Wind Farm Extension,57.38458,-3.88793,Wind Onshore,31.5,Nairn,Scotland,Awaiting Construction
381,T_TRLGW-1,Tralorg Wind Farm,55.24977,-4.80617,Wind Onshore,20.0,Strathclyde,Scotland,Operational
382,T_TKNWW-1,Triton Knoll,53.21227,0.86164,Wind Offshore,857.0,Offshore,Offshore,Operational
383,T_TKNEW-1,Triton Knoll,53.21227,0.86164,Wind Offshore,857.0,Offshore,Offshore,Operational
384,E_TULWW-1,Tullo Farm,56.96391,-2.21076,Wind Onshore,17.5,Grampian,Scotland,Operational
385,E_TULWW-2,Tullo Farm,56.96391,-2.21076,Wind Onshore,17.5,Grampian,Scotland,Operational
386,E_TULWW-2,Tullo Wind Farm North Extension (Shiels Wind Farm),56.844,-2.41012,Wind Onshore,7.5,Grampian,Scotland,Operational
387,E_TULWW-1,Tullo Wind Farm North Extension (Shiels Wind Farm),56.844,-2.41012,Wind Onshore,7.5,Grampian,Scotland,Operational
388,E_TULWW-1,Tullo Wind Farm South (Ext.),56.82742,-2.40489,Wind Onshore,10.0,Grampian,Scotland,Operational
389,E_TULWW-2,Tullo Wind Farm South (Ext.),56.82742,-2.40489,Wind Onshore,10.0,Grampian,Scotland,Operational
390,E_TLYMW-1,Tullymurdoch Wind Farm,56.65491,-3.31341,Wind Onshore,14.4,Tayside,Scotland,Operational
391,T_TWSHW-1,Twentyshilling Hill Wind Farm,55.31976,-3.90048,Wind Onshore,27.0,Dumfries and Galloway,Scotland,Revised
392,T_TWSHW-1,Twentyshilling Hill Wind Farm,55.31976,-3.90048,Wind Onshore,37.8,Dumfries and Galloway,Scotland,Under Construction
393,T_TWSHW-1,Twentyshilling Hill Wind Farm,55.31976,-3.90048,Wind Onshore,27.0,Dumfries and Galloway,Scotland,Revised
394,T_TWSHW-1,Twentyshilling Hill Wind Farm,55.31976,-3.90048,Wind Onshore,37.8,Dumfries and Galloway,Scotland,Under Construction
395,T_VKNGW-4,Viking Wind Farm,60.33933,-1.20843,Wind Onshore,370.0,Shetland,Scotland,Revised
396,T_VKNGW-4,Viking Wind Farm,60.33933,-1.20843,Wind Onshore,443.0,Shetland,Scotland,Operational
397,T_VKNGW-1,Viking Wind Farm,60.33933,-1.20843,Wind Onshore,370.0,Shetland,Scotland,Revised
398,T_VKNGW-1,Viking Wind Farm,60.33933,-1.20843,Wind Onshore,443.0,Shetland,Scotland,Operational
399,T_VKNGW-2,Viking Wind Farm,60.33933,-1.20843,Wind Onshore,370.0,Shetland,Scotland,Revised
400,T_VKNGW-2,Viking Wind Farm,60.33933,-1.20843,Wind Onshore,443.0,Shetland,Scotland,Operational
401,T_VKNGW-3,Viking Wind Farm,60.33933,-1.20843,Wind Onshore,370.0,Shetland,Scotland,Revised
402,T_VKNGW-3,Viking Wind Farm,60.33933,-1.20843,Wind Onshore,443.0,Shetland,Scotland,Operational
403,T_VKNGW-1,Viking Wind Farm,60.33933,-1.20843,Wind Onshore,370.0,Shetland,Scotland,Revised
404,T_VKNGW-1,Viking Wind Farm,60.33933,-1.20843,Wind Onshore,443.0,Shetland,Scotland,Operational
405,T_VKNGW-2,Viking Wind Farm,60.33933,-1.20843,Wind Onshore,370.0,Shetland,Scotland,Revised
406,T_VKNGW-2,Viking Wind Farm,60.33933,-1.20843,Wind Onshore,443.0,Shetland,Scotland,Operational
407,T_VKNGW-3,Viking Wind Farm,60.33933,-1.20843,Wind Onshore,370.0,Shetland,Scotland,Revised
408,T_VKNGW-3,Viking Wind Farm,60.33933,-1.20843,Wind Onshore,443.0,Shetland,Scotland,Operational
409,T_VKNGW-4,Viking Wind Farm,60.33933,-1.20843,Wind Onshore,370.0,Shetland,Scotland,Revised
410,T_VKNGW-4,Viking Wind Farm,60.33933,-1.20843,Wind Onshore,443.0,Shetland,Scotland,Operational
411,T_WLNYW-1,Walney 1,54.03945,-3.51579,Wind Offshore,183.6,Offshore,Offshore,Operational
412,T_WLNYO-2,Walney 2,54.08074,-3.60897,Wind Offshore,183.6,Offshore,Offshore,Operational
413,T_WLNYO-2,Walney 3,54.08999,-3.74001,Wind Offshore,659.0,Offshore,Offshore,Operational
414,T_WLNYW-1,Walney 3,54.08999,-3.74001,Wind Offshore,659.0,Offshore,Offshore,Operational
415,T_WLNYO-3,Walney 3,54.08999,-3.74001,Wind Offshore,659.0,Offshore,Offshore,Operational
416,T_WLNYO-4,Walney 3,54.08999,-3.74001,Wind Offshore,659.0,Offshore,Offshore,Operational
417,T_WLNYO-4,Walney 1,54.03945,-3.51579,Wind Offshore,183.6,Offshore,Offshore,Operational
418,T_WLNYO-2,Walney 1,54.03945,-3.51579,Wind Offshore,183.6,Offshore,Offshore,Operational
419,T_WLNYW-1,Walney 1,54.03945,-3.51579,Wind Offshore,183.6,Offshore,Offshore,Operational
420,T_WLNYO-3,Walney 1,54.03945,-3.51579,Wind Offshore,183.6,Offshore,Offshore,Operational
421,T_WLNYO-4,Walney 2,54.08074,-3.60897,Wind Offshore,183.6,Offshore,Offshore,Operational
422,T_WLNYO-2,Walney 2,54.08074,-3.60897,Wind Offshore,183.6,Offshore,Offshore,Operational
423,T_WLNYO-3,Walney 2,54.08074,-3.60897,Wind Offshore,183.6,Offshore,Offshore,Operational
424,T_WLNYW-1,Walney 2,54.08074,-3.60897,Wind Offshore,183.6,Offshore,Offshore,Operational
425,T_WBURB-41,West Burton,53.36453,-0.79836,Battery,49.0,Nottinghamshire,East Midlands,Operational
426,T_WBURB-43,West Burton,53.36453,-0.79836,Battery,49.0,Nottinghamshire,East Midlands,Operational
427,T_WDNSO-1,West of Duddon Sands,53.98515,-3.46201,Wind Offshore,389.0,Offshore,Offshore,Operational
428,T_WDNSO-2,West of Duddon Sands,53.98515,-3.46201,Wind Offshore,389.0,Offshore,Offshore,Operational
429,T_WTMSO-1,Westermost Rough A,53.09773,0.56148,Wind Offshore,210.0,Offshore,Offshore,Operational
430,T_WHILW-1,Whitelee,55.68121,-4.27906,Wind Onshore,322.0,Strathclyde,Scotland,Operational
431,T_WHILW-2,Whitelee,55.68121,-4.27906,Wind Onshore,322.0,Strathclyde,Scotland,Operational
432,T_WHILW-2,Whitelee Windfarm Extension Phase 1,55.67715,-4.28678,Wind Onshore,108.0,Strathclyde,Scotland,Operational
433,T_WHIHW-1,Whiteside Hill,55.35741,-4.02944,Wind Onshore,25.3,Dumfries and Galloway,Scotland,Operational
434,T_WILCT-1,Wilton,54.57663,-1.08069,Wind Onshore,6.6,Cleveland,North East,Application Withdrawn
435,T_WILCT-1,Wilton 11 EfW,54.56735,-1.09673,EfW Incineration,49.0,Cleveland,North East,Operational
436,T_WILCT-1,Wilton Centre (Waste AD),54.56735,-1.09673,Anaerobic Digestion,5.1,Cleveland,North East,Planning Permission Expired
437,T_WILCT-1,Wilton International,54.56735,-1.09673,Biomass (dedicated),35.2,Cleveland,North East,Operational
438,T_WDRGW-1,Windy Rig Wind Farm,55.27467,-4.17856,Wind Onshore,43.0,Dumfries and Galloway,Scotland,Revised
439,T_WDRGW-1,Windy Rig Wind Farm,55.27467,-4.17856,Wind Onshore,43.0,Dumfries and Galloway,Scotland,Operational
440,2__PSTAT001,Windy Rig Wind Farm,55.27467,-4.17856,Wind Onshore,43.0,Dumfries and Galloway,Scotland,Revised
441,2__PSTAT001,Windy Rig Wind Farm,55.27467,-4.17856,Wind Onshore,43.0,Dumfries and Galloway,Scotland,Operational
442,T_WDRGW-1,Windy Rig Wind Farm,55.27467,-4.17856,Wind Onshore,43.0,Dumfries and Galloway,Scotland,Revised
443,T_WDRGW-1,Windy Rig Wind Farm,55.27467,-4.17856,Wind Onshore,43.0,Dumfries and Galloway,Scotland,Operational
444,T_WISTW-2,Windy Standard III Wind Farm (Brockloch Rig Phase 2),55.27641,-4.24171,Wind Onshore,87.6,Dumfries and Galloway,Scotland,Under Construction
