,site_name,code,lat,long,repd_site_name,repd_technology_type,repd_lat,repd_long,repd_capacity,match_type,Accepted
0,Rothes Wind Farm,CAIRW-1,57.53,-3.36,,,,,,,
1,Rothes Wind Farm,CAIRW-2,57.53,-3.36,,,,,,,
2,Rothes Wind Farm,ROTHW-1,57.53,-3.36,,,,,,,
3,Fawley Cogen Power Station,FAWN-1,,,,,,,,,
4,Markinch Biomass Plant,MARK-1,,,,,,,,,
6,Clachan Power Station,CLAC-1,56.27745,-4.9218,,,,,,,
7,Garry Hydroelectric Scheme,CAS-GAR01,,,,,,,,,
8,Moriston Hydroelectric Scheme,CAS-MOR01,,,,,,,,,
9,Tom na Clach Wind Farm,TMNCW-1,,,,,,,,,
10,Killin Hydroelectric Scheme,CAS-KIL01,,,,,,,,,
11,Baillie Wind Farm,BABAW-1,,,Baillie Wind Farm,Wind Onshore,58.56792108721410,-3.6770209864280100,52.50,exact,y
12,Croydon Power Station,CROYD-2,51.37644,-0.11637,,,,,,,
14,Hill of Towie Wind Farm,HLTWW-1,,,,,,,,,
15,Dunbar Energy Recovery Facility,DNBAR-1,,,,,,,,,
17,Halsary Wind Farm,HALSW-1,,,Halsary Wind Farm,Wind Onshore,58.43089974308120,-3.4444471502354200,34.00,exact,y
19,Coire Na Cloiche Wind Farm,CNCLW-1,,,Coire Na Cloiche Wind Farm,Wind Onshore,57.76961921131170,-4.373160505979300,29.90,exact,y
20,Edinbane Wind Farm,EDINW-1,,,Edinbane Wind Farm,Wind Onshore,57.46912682028170,-6.432206098199520,41.40,exact,y
21,Bad a Cheo Wind Farm,BDCHW-1,,,Bad a Cheo Wind Farm,Wind Onshore,58.42046248322650,-3.4291930081059200,26.70,exact,y
22,Rosehall Wind Farm,RSHLW-1,,,,,,,,,
23,Dalquhandy Wind Farm,DALQW-1,,,,,,,,,
24,Harburnhead Wind Farm,HBHDW-1,,,Harburnhead Wind Farm,Wind Onshore,55.80868120217950,-3.5321721583194200,51.70,exact,y
25,Mid Hill Wind Farm,MDHLW-1,,,,,,,,,
26,Hill of Glaschyle Wind Farm,HLGLW-1,,,Hill of Glaschyle Wind Farm,Wind Onshore,57.51052023330880,-3.615587121855940,27.60,exact,y
27,Tralorg Wind Farm,TRLGW-1,,,Tralorg Wind Farm,Wind Onshore,55.2497706457218,-4.8061708857371200,20.00,exact,y
28,Beinn Tharsuinn Wind Farm,BETHW-1,,,,,,,,,
29,Sanquhar Community Wind Farm,SANQW-1,,,,,,,,,
30,Douglas West Wind Farm,DOUGW-1,,,,,,,,,
32,Tullymurdoch Wind Farm,TLYMW-1,,,Tullymurdoch Wind Farm,Wind Onshore,56.65490848904890,-3.3134138177532900,14.40,exact,y
33,Cour Wind Farm,COUWW-1,,,Cour Wind Farm,Wind Onshore,55.680679071938800,-5.484928577654590,20.50,exact,y
34,Middle Muir Wind Farm,MIDMW-1,,,Middle Muir Wind Farm,Wind Onshore,55.512885933756000,-3.804016992486900,51.00,exact,y
35,Gordonstown Hill Wind Farm,GDSTW-1,,,Gordonstown Hill Wind Farm,Wind Onshore,57.46192107232460,-2.4827606935747800,12.50,exact,y
40,Capenhurst Battery,PINFB-1,53.265694444,-2.943583333,,,,,,,
41,Capenhurst Battery,PINFB-2,53.265694444,-2.943583333,,,,,,,
42,Capenhurst Battery,PINFB-3,53.265694444,-2.943583333,,,,,,,
43,Capenhurst Battery,PINFB-4,53.265694444,-2.943583333,,,,,,,
44,Capenhurst Battery,PINFB-5,53.265694444,-2.943583333,,,,,,,
45,Capenhurst Battery,PINFB-6,53.265694444,-2.943583333,,,,,,,
46,Freasdail Wind Farm,FSDLW-1,,,Freasdail Wind Farm,Wind Onshore,55.77701055393310,-5.470638736814860,22.50,exact,y
47,Assel Valley Wind Farm,ASLVW-1,,,Assel Valley Wind Farm,Wind Onshore,55.22647843305390,-4.778705371098770,25.00,exact,y
50,Burwell Battery,BURWB-1,,,,,,,,,
51,Brook Farm Battery,BROFB-1,52.074,1.05,,,,,,,
53,Arbroath Battery,ARBRB-1,56.56497,-2.619634,,,,,,,
54,Hutton Battery,ARNKB-2,,,,,,,,,
55,Hunningley Stairfoot Battery,BARNB-1,,,,,,,,,
56,Nant Power Station,NANT-1,56.338055555,-5.211666666,,,,,,,
58,Airies Wind Farm,AIRSW-1,,,,,,,,,
61,Glenchamber Wind Farm,GLCHW-1,,,Glenchamber Wind Farm,Wind Onshore,54.96342048614850,-4.754333642927350,27.50,exact,y
62,Didcot B Power Station,DIDCB5,51.6254,-1.268,,,,,,,
63,Didcot B Power Station,DIDCB6,51.6254,-1.268,,,,,,,
64,Didcot OCGT Power Station,DIDC01G,51.6245,-1.2639,,,,,,,
65,Didcot OCGT Power Station,DIDC02G,51.6245,-1.2639,,,,,,,
66,Didcot OCGT Power Station,DIDC03G,51.6245,-1.2639,,,,,,,
67,Didcot OCGT Power Station,DIDC04G,51.6245,-1.2639,,,,,,,
69,Contego Battery,CONTB-1,50.95526,-0.162756,,,,,,,
70,Hawkers Hill Energy Park,HAWKB-1,51.013772,-2.208174,Hawkers Hill Energy Park,Battery,51.013483964452100,-2.212803412377940,20.00,exact,y
71,Nursling Battery,NURSB-1,50.942355,-1.484869,,,,,,,
73,Goole Fields Wind Farms,GFLDW-1,53.6643,-0.8822,,,,,,,
75,Rugeley B Power Station,RUGGT-6,,,,,,,,,
76,Rugeley B Power Station,RUGGT-7,,,,,,,,,
77,Rugeley B Power Station,RUGPS-6,,,,,,,,,
78,Rugeley B Power Station,RUGPS-7,,,,,,,,,
79,Cowley Battery Storage,COWB-1,51.709925,-1.189058,,,,,,,
80,Redfield Road Gas Generation Plant,RDFRB-1,,,,,,,,,
81,Redfield Road Gas Generation Plant,RDFRD-1,,,,,,,,,
82,Tremorfa Steelworks,TRMFD-1,,,,,,,,,
83,Bloxwich Battery,ARNKB-1,,,Bloxwich Battery,Battery,52.59008775164670,-2.010023701666380,41.00,exact,y
85,Aylesford Battery,AG-ZEN03J,,,,,,,,,
86,Pillswood Battery,PILLB-1,,,,,,,,,
87,Pillswood Battery,PILLB-2,,,,,,,,,
88,Clunie Cascade,CAS-CLU01,,,,,,,,,
89,Bustleholme Battery,BUSTB-1,,,,,,,,,
90,Thurcroft Battery,AG-MFLX02,,,,,,,,,
91,Mannington Battery Storage,AG-HEDF01,,,,,,,,,
92,Skelmersdale Battery,SKELB-1,,,,,,,,,
93,Enderby Storage,BFSE01,,,,,,,,,
95,Lester Way Power Plant,LSTWY-1,,,,,,,,,
96,The Drove Power Plant,TDRVE-1,,,,,,,,,
97,Red Scar Peaking Plant,RDSCR-1,,,,,,,,,
98,Red Scar Battery Storage,AG-HEL00G,,,,,,,,,
99,Hunningley Stairfoot BESS,BARNB-1,53.54841,-1.45007,,,,,,,
106,Peterhead Power Station,PEHE-1,57.4772,-1.78888,,,,,,,
107,Peterhead Power Station,PEHE-2,57.4772,-1.78888,,,,,,,
112,Sizewell B power station,SIZB-1,52.215,1.61972,,,,,,,
113,Sizewell B power station,SIZB-2,52.215,1.61972,,,,,,,
114,Heysham 1 power station,HEYM11,54.0304,-2.91719,,,,,,,
115,Heysham 1 power station,HEYM12,54.0304,-2.91719,,,,,,,
116,Heysham 2 power station,HEYM27,54.0273,-2.91504,,,,,,,
117,Heysham 2 power station,HEYM28,54.0273,-2.91504,,,,,,,
118,Heysham 2 power station,HEYM2D-1,54.0273,-2.91504,,,,,,,
119,Dungeness B power station,DNGB21,50.9134,0.95976,,,,,,,
120,Dungeness B power station,DNGB22,50.9134,0.95976,,,,,,,
121,Dungeness B power station,DNGBD-1,50.9134,0.95976,,,,,,,
122,Conon Valley Hydro Electric Scheme,CAS-CON01,57.554,-4.598,,,,,,,
123,Finlarig power station,FINL-1,56.4816,-4.29872,,,,,,,
124,Hornsea Two Offshore Wind Farm,HOWBO-1,53.91,1.5518,,,,,,,
125,Hornsea Two Offshore Wind Farm,HOWBO-2,53.91,1.5518,,,,,,,
126,Hornsea Two Offshore Wind Farm,HOWBO-3,53.91,1.5518,,,,,,,
127,Griffin Wind Farm,GRIFW-1,56.583251,-3.7435659,Griffin Wind farm,Wind Onshore,56.581222522433,-3.7337523701724800,156.00,exact,y
128,Griffin Wind Farm,GRIFW-2,56.583251,-3.7435659,Griffin Wind farm,Wind Onshore,56.581222522433,-3.7337523701724800,156.00,exact,y
132,Moy Wind Farm,MOYEW-1,57.406964,-4.0154701,Moy Wind Farm,Wind Onshore,57.388833752549000,-4.048801273033510,40.00,exact,y
139,Stronelairg Wind Farm,STLGW-1,,,Stronelairg Wind Farm,Wind Onshore,57.126924519131,-4.5263699907224100,227.70,exact,y
140,Stronelairg Wind Farm,STLGW-2,,,Stronelairg Wind Farm,Wind Onshore,57.126924519131,-4.5263699907224100,227.70,exact,y
141,Stronelairg Wind Farm,STLGW-3,,,Stronelairg Wind Farm,Wind Onshore,57.126924519131,-4.5263699907224100,227.70,exact,y
142,Dorenell Wind Farm,DOREW-1,,,,,,,,,
143,Dorenell Wind Farm,DOREW-2,,,,,,,,,
145,Bhlaraidh Wind Farm,BHLAW-1,57.2456,-4.7158,,,,,,,
146,Dogger Bank A Wind Farm,DBAWO-3,54.7489,1.9301,,,,,,,
147,Dogger Bank A Wind Farm,DBAWO-4,54.7489,1.9301,,,,,,,
148,Dogger Bank A Wind Farm,DBAWO-5,54.7489,1.9301,,,,,,,
149,South Kyle Wind Farm,SOKYW-1,,,South Kyle Wind Farm,Wind Onshore,55.317334518247500,-4.293183075218490,240.00,exact,y
150,Dunmaglass Wind Farm,DUNGW-1,,,Dunmaglass Wind Farm,Wind Onshore,57.25148006944490,-4.255802337851780,94.00,exact,y
151,Brockloch Rig Wind Farm,WISTW-2,,,,,,,,,
152,Kype Muir Wind Farm,KPMRW-1,,,Kype Muir Wind Farm,Wind Onshore,55.63265161671260,-4.036104942819620,88.40,exact,y
153,Kype Muir Wind Farm,KYPEW-1,,,Kype Muir Wind Farm,Wind Onshore,55.63265161671260,-4.036104942819620,88.40,exact,y
155,Creag Riabhach Wind Farm,CREAW-1,,,Creag Riabhach Wind Farm,Wind Onshore,58.21930056281830,-4.511210384197760,92.40,exact,y
163,Paul's Hill Wind Farm,PAUHW-1,,,,,,,,,
164,Kennoxhead Wind Farm,KENNW-1,,,Kennoxhead Wind Farm,Wind Onshore,55.49791780961520,-3.946310091899980,62.00,exact,y
166,Moray West Offshore Wind Farm,MOWWO-1,58.094,-2.988,,,,,,,
167,Moray West Offshore Wind Farm,MOWWO-2,58.094,-2.988,,,,,,,
168,Moray West Offshore Wind Farm,MOWWO-3,58.094,-2.988,,,,,,,
169,Moray West Offshore Wind Farm,MOWWO-4,58.094,-2.988,,,,,,,
171,Aikengall Community Wind Farm,AKGLW-1,,,,,,,,,
172,Aikengall Community Wind Farm,AKGLW-2,,,,,,,,,
173,Aikengall Community Wind Farm,AKGLW-3,,,,,,,,,
174,Indian Queens Power Station,INDQ-1,50.396,-4.8997,,,,,,,
175,Cottam Development Centre,CDCL-1,53.3062,-0.786,,,,,,,
176,Severn Power Station,SVRP-10,,,,,,,,,
177,Severn Power Station,SVRP-20,,,,,,,,,
185,Grangemouth CHP,GRMO-1,,,,,,,,,
186,A’Chruach Wind Farm,ACHRW-1,56.1292,-5.335,,,,,,,
187,Afton Wind Farm,AFTOW-1,,,Afton Wind Farm,Wind Onshore,55.3116001968864,-4.17428302347659,50.00,exact,y
189,Kilbraur Wind Farm,KILBW-1,,,,,,,,,
190,Fellside Power Station,FELL-1,,,,,,,,,
191,Aberdare Power Station,ABERU-1,51.6975,-3.41613,,,,,,,
192,Auchrobert Wind Farm,ABRTW-1,,,Auchrobert Wind Farm,Wind Onshore,55.62400278889230,-3.984210833480400,36.00,exact,y
195,Millennium Wind Farm,MILWW-1,,,,,,,,,
196,Glen Kyllachy Wind Farm,GLNKW-1,,,Glen Kyllachy Wind Farm,Wind Onshore,57.32073186592510,-4.08565012619048,48.50,exact,y
197,Tilbury Green Power,TIBG-1,,,Tilbury Green Power,Biomass (dedicated),51.46040291608530,0.3496766121735430,43.00,exact,y
198,Sandy Knowe Wind Farm,SAKNW-1,,,Sandy Knowe Wind Farm,Wind Onshore,55.36892523213090,-4.050546547217860,90.00,exact,y
198,Sandy Knowe Wind Farm,SAKNW-1,,,Sandy Knowe Wind Farm,Wind Onshore,55.37214738988420,-4.0513445486984300,49.40,exact,y
198,Sandy Knowe Wind Farm,SAKNW-1,,,Sandy Knowe Wind Farm ,Wind Onshore,55.37214738988420,-4.0513445486984300,81.60,exact,y
199,Back Lane Battery,AG-CBS06B,53.22386,-1.37484,,,,,,,
200,Gwynt y Môr Wind Farm,GYMRO-15,53.45,-3.58333333,,,,,,,
201,Gwynt y Môr Wind Farm,GYMRO-17,53.45,-3.58333333,,,,,,,
202,Gwynt y Môr Wind Farm,GYMRO-26,53.45,-3.58333333,,,,,,,
203,Gwynt y Môr Wind Farm,GYMRO-28,53.45,-3.58333333,,,,,,,
204,Walney Wind Farm,WLNYO-2,54.044,-3.522,,,,,,,
205,Walney Wind Farm,WLNYO-3,54.044,-3.522,,,,,,,
206,Walney Wind Farm,WLNYO-4,54.044,-3.522,,,,,,,
207,Walney Wind Farm,WLNYW-1,54.044,-3.522,,,,,,,
208,Torness Nuclear Power Station,TORN-1,55.968,-2.40908,,,,,,,
209,Torness Nuclear Power Station,TORN-2,55.968,-2.40908,,,,,,,
210,Torness Nuclear Power Station,TORND-1,55.968,-2.40908,,,,,,,
211,Hinkley Point B Nuclear Power Station,HINB-7,51.2088898,-3.1280887,,,,,,,
212,Hinkley Point B Nuclear Power Station,HINB-8,51.2088898,-3.1280887,,,,,,,
213,Hinkley Point B Nuclear Power Station,HINBD-1,51.2088898,-3.1280887,,,,,,,
216,Drax power station,DRAXD-2,53.7358,-0.996389,,,,,,,
217,Drax power station,DRAXX-1,53.7358,-0.996389,,,,,,,
218,Drax power station,DRAXX-2,53.7358,-0.996389,,,,,,,
219,Drax power station,DRAXX-3,53.7358,-0.996389,,,,,,,
220,Drax power station,DRAXX-4,53.7358,-0.996389,,,,,,,
221,Drax power station,DRAXX-5,53.7358,-0.996389,,,,,,,
222,Drax power station,DRAXX-6,53.7358,-0.996389,,,,,,,
223,Joint European Torus,CULJD-1,51.659166666,-1.226388888,,,,,,,
224,Joint European Torus,CULJD-1,51.75484,-1.237215,,,,,,,
225,Robin Rigg Wind Farm,RREW-1,54.75,-3.71667,,,,,,,
226,Robin Rigg Wind Farm,RRWW-1,54.75,-3.71667,,,,,,,
227,Wylfa Nuclear Power Station,WYLF-1,53.4167,-4.48333,,,,,,,
228,Wylfa Nuclear Power Station,WYLF-2,53.4167,-4.48333,,,,,,,
229,Wylfa Nuclear Power Station,WYLF-3,53.4167,-4.48333,,,,,,,
230,Wylfa Nuclear Power Station,WYLF-4,53.4167,-4.48333,,,,,,,
232,Isle of Man to England Interconnector,MANXENR-1,54.0,-3.83333,,,,,,,
235,Pembroke B Power Station,PEMB-11,51.6831,-4.98842,,,,,,,
236,Pembroke B Power Station,PEMB-21,51.6831,-4.98842,,,,,,,
237,Pembroke B Power Station,PEMB-31,51.6831,-4.98842,,,,,,,
238,Pembroke B Power Station,PEMB-41,51.6831,-4.98842,,,,,,,
239,Pembroke B Power Station,PEMB-51,51.6831,-4.98842,,,,,,,
240,Race Bank Wind Farm,RCBKO-1,53.275,0.83333333,,,,,,,
241,Race Bank Wind Farm,RCBKO-2,53.275,0.83333333,,,,,,,
245,Medway Power Station,MEDP-1,51.44,0.69,,,,,,,
248,Viking Wind Farm,VKNGW-1,60.286611111,-1.261222222,Viking Wind Farm,Wind Onshore,60.3393253898048,-1.2084285919760100,370.00,exact,y
248,Viking Wind Farm,VKNGW-1,60.286611111,-1.261222222,Viking Wind Farm ,Wind Onshore,60.3393253898048,-1.2084285919760100,443.00,exact,y
249,Viking Wind Farm,VKNGW-2,60.286611111,-1.261222222,Viking Wind Farm,Wind Onshore,60.3393253898048,-1.2084285919760100,370.00,exact,y
249,Viking Wind Farm,VKNGW-2,60.286611111,-1.261222222,Viking Wind Farm ,Wind Onshore,60.3393253898048,-1.2084285919760100,443.00,exact,y
250,Viking Wind Farm,VKNGW-3,60.286611111,-1.261222222,Viking Wind Farm,Wind Onshore,60.3393253898048,-1.2084285919760100,370.00,exact,y
250,Viking Wind Farm,VKNGW-3,60.286611111,-1.261222222,Viking Wind Farm ,Wind Onshore,60.3393253898048,-1.2084285919760100,443.00,exact,y
251,Viking Wind Farm,VKNGW-4,60.286611111,-1.261222222,Viking Wind Farm,Wind Onshore,60.3393253898048,-1.2084285919760100,370.00,exact,y
251,Viking Wind Farm,VKNGW-4,60.286611111,-1.261222222,Viking Wind Farm ,Wind Onshore,60.3393253898048,-1.2084285919760100,443.00,exact,y
252,Affric-Beauly hydro-electric power scheme,CAS-BEU01,57.325,-4.794,,,,,,,
253,Anglesey Aluminium,ANGLD-1,,,,,,,,,
254,Arecleoch Wind Farm,ARCHW-1,55.0533,-4.88222,,,,,,,
264,Carrington Power Station,CARR-1,53.4358,-2.41089,,,,,,,
265,Carrington Power Station,CARR-2,53.4358,-2.41089,,,,,,,
266,Clyde Wind Farm,CLDCW-1,55.4672,-3.65444,Clyde Wind Farm,Wind Onshore,55.44163408234000,-3.5427342376805200,350.00,exact,y
267,Clyde Wind Farm,CLDNW-1,55.4672,-3.65444,Clyde Wind Farm,Wind Onshore,55.44163408234000,-3.5427342376805200,350.00,exact,y
268,Clyde Wind Farm,CLDSW-1,55.4672,-3.65444,Clyde Wind Farm,Wind Onshore,55.44163408234000,-3.5427342376805200,350.00,exact,y
269,Connah's Quay Power Station,CNQPS-1,53.2322,-3.0813,,,,,,,
270,Connah's Quay Power Station,CNQPS-2,53.2322,-3.0813,,,,,,,
271,Connah's Quay Power Station,CNQPS-3,53.2322,-3.0813,,,,,,,
272,Connah's Quay Power Station,CNQPS-4,53.2322,-3.0813,,,,,,,
273,Corby Power Station,CORB-1,52.5109,-0.68139,,,,,,,
274,Coryton Power Station,COSO-1,51.512,0.508,,,,,,,
275,Cowes Power Station,COWE1,50.7459,-1.2864,,,,,,,
276,Cowes Power Station,COWE2,50.7459,-1.2864,,,,,,,
277,Crystal Rig Wind Farm,CRYRW-2,55.9,-2.55,,,,,,,
278,Crystal Rig Wind Farm,CRYRW-3,55.9,-2.55,,,,,,,
279,Humber Gateway Wind Farm,HMGTO-1,53.644,0.293,,,,,,,
280,Humber Gateway Wind Farm,HMGTO-2,53.644,0.293,,,,,,,
282,East Anglia ONE,EAAO-1,52.66,2.3,,,,,,,
283,East Anglia ONE,EAAO-2,52.66,2.3,,,,,,,
284,European Offshore Wind Deployment Centre,ABRBO-1,57.2167,-1.98333,,,,,,,
285,Fasnakyle Power Station,FASN-1,57.326083333,-4.794,,,,,,,
286,Fasnakyle Power Station,FASN-4,57.326083333,-4.794,,,,,,,
287,Fasnakyle Power Station,FASN2,57.326083333,-4.794,,,,,,,
288,Fasnakyle Power Station,FASN3,57.326083333,-4.794,,,,,,,
289,Kinlochleven Power Station,KNLCV-1,56.7129,-4.95803,,,,,,,
290,Errochty Dam,ERRO-1,56.7644,-4.10523,,,,,,,
291,Errochty Dam,ERRO-2,56.7644,-4.10523,,,,,,,
292,Errochty Dam,ERRO-3,56.7644,-4.10523,,,,,,,
293,Marchwood Power Station,MRWD-1,50.897777777,-1.438888888,,,,,,,
294,Killingholme B power station,KILLPG-1,53.65419,-0.25518,,,,,,,
295,Killingholme B power station,KILLPG-2,53.65419,-0.25518,,,,,,,
296,Kilgallioch Wind Farm,KLGLW-1,55.05,-4.76527778,Kilgallioch wind farm,Wind Onshore,54.98845275791270,-4.801715850373400,239.00,exact,y
297,Thame Road Battery Storage,THMRB-1,,,,,,,,,
298,Peterborough STOR,PETDG-1,52.575703,-0.2037977,,,,,,,
299,Brigg STOR,BRGDG-1,53.540993,-0.508006,,,,,,,
301,Cleve Hill Solar Park,CLVHS-1,51.3344,0.9429,,,,,,,
302,Cleve Hill Solar Park,CLVHS-2,51.3344,0.9429,,,,,,,
303,Mid Hill Wind Farm,2__PSTAT002,,,,,,,,,
304,Dogger Bank B Wind Farm,DBBWO-2,54.9866,1.6622,,,,,,,
305,Dogger Bank B Wind Farm,DBBWO-3,54.9866,1.6622,,,,,,,
306,Dogger Bank B Wind Farm,DBBWO-4,54.9866,1.6622,,,,,,,
307,Dogger Bank B Wind Farm,DBBWO-5,54.9866,1.6622,,,,,,,
308,Dogger Bank B Wind Farm,DBBWO-1,54.9866,1.6622,,,,,,,
309,Haghshaw Hill Wind Farm,HAHAW-1,,,,,,,,,
310,Haghshaw Hill Wind Farm,HAGHW-2,,,,,,,,,
311,Broken Cross wind farm,BROCW-1,55.6165211,-3.8280487,,,,,,,
312,North Kyle Wind Farm,NOKYW-1,,,,,,,,,
313,North Kyle Wind Farm,NOKYW-2,,,,,,,,,
314,Thurrock Storage,THURB-1,,,,,,,,,
315,Thurrock Storage,THURB-2,,,,,,,,,
316,Thurrock Storage,THURB-3,,,,,,,,,
317,Kirk Hill Wind Farm,KHLLW-1,,,Kirk Hill Wind Farm,Wind Onshore,55.30641905746090,-4.739855472210910,18.80,exact,y
318,Hartlepool Nuclear Power Station,HRTL-1,54.635,-1.18083,,,,,,,
319,Hartlepool Nuclear Power Station,HRTL-2,54.635,-1.18083,,,,,,,
320,Braes of Doune Wind Farm,BRDUW-1,56.2761,-4.0625,,,,,,,
321,Ormonde Wind Farm,OMNDO-1,54.1,-3.4,,,,,,,
322,Hunterston B nuclear power station,HUNBD-1,55.7221,-4.89009,,,,,,,
323,Sloy Power Station,SLOY-1,56.251204,-4.711551,,,,,,,
324,Sloy Power Station,SLOY-2,56.251204,-4.711551,,,,,,,
325,Sloy Power Station,SLOY-3,56.251204,-4.711551,,,,,,,
326,Sloy Power Station,SLOY-4,56.251204,-4.711551,,,,,,,
327,Sloy Power Station,SLOYD-1,56.251204,-4.711551,,,,,,,
328,Greater Gabbard wind farm,GRGBW-1,51.88,1.94,Greater Gabbard Wind Farm,Wind Offshore,51.91764465935990,1.928420236839920,504.00,exact,y
329,Greater Gabbard wind farm,GRGBW-2,51.88,1.94,Greater Gabbard Wind Farm,Wind Offshore,51.91764465935990,1.928420236839920,504.00,exact,y
330,Greater Gabbard wind farm,GRGBW-3,51.88,1.94,Greater Gabbard Wind Farm,Wind Offshore,51.91764465935990,1.928420236839920,504.00,exact,y
331,London Array,LARYO-1,51.6439,1.55361,,,,,,,
332,London Array,LARYO-2,51.6439,1.55361,,,,,,,
333,London Array,LARYO-3,51.6439,1.55361,,,,,,,
334,London Array,LARYO-4,51.6439,1.55361,,,,,,,
336,Damhead Creek power station,DAMC-1,51.4254,0.6001,,,,,,,
337,Derwent Power Station,DERW-1,52.9064,-1.4007,,,,,,,
338,Dudgeon Offshore Wind Farm,DDGNO-1,53.249,1.39,,,,,,,
339,Dudgeon Offshore Wind Farm,DDGNO-2,53.249,1.39,,,,,,,
340,Dudgeon Offshore Wind Farm,DDGNO-3,53.249,1.39,,,,,,,
341,Dudgeon Offshore Wind Farm,DDGNO-4,53.249,1.39,,,,,,,
342,East–West Interconnector,IED-EWIC1,53.5305,-4.8257,,,,,,,
343,East–West Interconnector,IEG-EWIC1,53.5305,-4.8257,,,,,,,
344,Enfield Power Station,EECL-1,51.6628,-0.0227778,,,,,,,
345,Farr Wind Farm,FAARW-1,57.325,-4.09417,Farr Wind Farm,Wind Onshore,57.33392061775460,-4.103012495227080,92.00,exact,y
346,Farr Wind Farm,FAARW-2,57.325,-4.09417,Farr Wind Farm,Wind Onshore,57.33392061775460,-4.103012495227080,92.00,exact,y
351,Glanford Brigg Power Station,BRGG-1,53.5406,-0.503635,,,,,,,
352,Glendoe Hydro Scheme,GLNDO-1,57.093,-4.556,Glendoe Hydro Scheme,Large Hydro,57.14365148733440,-4.65920183286417,100.00,exact,y
353,Great Yarmouth Power Station,GYAR-1,52.5839,1.73326,,,,,,,
354,Gunfleet Sands Offshore Wind Farm,GNFSW-1,51.7394,1.17444,,,,,,,
355,Gunfleet Sands Offshore Wind Farm,GNFSW-2,51.7394,1.17444,,,,,,,
358,Keadby Power Station,KEAD-1,53.5944,-0.750442,,,,,,,
359,Keadby Power Station,KEADGT-3,53.5944,-0.750442,,,,,,,
360,Langage Power Station,LAGA-1,50.3884,-4.01173,,,,,,,
361,Lincs Wind Farm,LNCSO-1,53.1833,0.483333,,,,,,,
362,Lincs Wind Farm,LNCSO-2,53.1833,0.483333,,,,,,,
363,Little Barford Power Station,LBAR-1,52.2044,-0.268889,,,,,,,
364,Little Barford Power Station,LBAR-1G,52.2044,-0.268889,,,,,,,
365,Lochaber hydroelectric scheme,LCSMH-1,56.829,-5.073,,,,,,,
366,Hywind Scotland,HYWDW-1,57.48333333,-1.35,,,,,,,
368,Peterborough Power Station,PETEM1,52.5769,-0.204,,,,,,,
369,Peterhead Power Station,PEHED-1,57.4772,-1.78888,,,,,,,
370,Rampion Wind Farm,RMPNO-1,50.664722222,-0.278888888,,,,,,,
371,Rampion Wind Farm,RMPNO-2,50.664722222,-0.278888888,,,,,,,
372,Ratcliffe-on-Soar power station,RATS-1,52.8653,-1.255,,,,,,,
373,Ratcliffe-on-Soar power station,RATS-2,52.8653,-1.255,,,,,,,
374,Ratcliffe-on-Soar power station,RATS-3,52.8653,-1.255,,,,,,,
375,Ratcliffe-on-Soar power station,RATS-4,52.8653,-1.255,,,,,,,
376,Ratcliffe-on-Soar power station,RATSGT-2,52.8653,-1.255,,,,,,,
377,Ratcliffe-on-Soar power station,RATSGT-4,52.8653,-1.255,,,,,,,
378,Rheidol Power Station,RHEI-4,52.396,-3.9,,,,,,,
379,Rocksavage Power Station,ROCK-1,53.3154,-2.72541,,,,,,,
380,Rye House power station,RYHPS-1,51.7625,0.01077,,,,,,,
381,Seabank Power Station,SEAB-1,51.54,-2.669,,,,,,,
382,Seabank Power Station,SEAB-2,51.54,-2.669,,,,,,,
386,Shoreham Power Station,SHOS-1,50.8294,-0.230556,,,,,,,
387,South Humber Bank Power Station,SHBA-1,53.603,-0.146,South Humber Bank Power Station ,EfW Incineration,53.60290582177660,-0.146125231787176,95.00,exact,y
388,South Humber Bank Power Station,SHBA-2,53.603,-0.146,South Humber Bank Power Station ,EfW Incineration,53.60290582177660,-0.146125231787176,95.00,exact,y
391,St Fergus Gas Terminal,SFERD-1,57.5706,-1.83803,,,,,,,
392,St Fergus Gas Terminal,SFGSD-1,57.5706,-1.83803,,,,,,,
393,St Fergus Gas Terminal,SFGSD-2,57.5706,-1.83803,,,,,,,
394,Staythorpe Power Station,STAY-1,53.0748,-0.85573,,,,,,,
395,Staythorpe Power Station,STAY-2,53.0748,-0.85573,,,,,,,
396,Staythorpe Power Station,STAY-3,53.0748,-0.85573,,,,,,,
397,Staythorpe Power Station,STAY-4,53.0748,-0.85573,,,,,,,
398,Sutton Bridge Power Station,SUTB-1,52.7572,0.19316,,,,,,,
399,Taylor's Lane Power Station,TAYL2G,51.546,-0.2575,,,,,,,
400,Taylor's Lane Power Station,TAYL3G,51.546,-0.2575,,,,,,,
401,Teesside power station,TSREP-1,54.5768,-1.12042,,,,,,,
406,Westermost Rough Wind Farm,WTMSO-1,53.805,0.149,,,,,,,
407,Wilton power stations,WILCT-1,54.5894,-1.1185,,,,,,,
408,Salt End Power Station,SCCL-1,53.7355,-0.2431,,,,,,,
409,Salt End Power Station,SCCL-2,53.7355,-0.2431,,,,,,,
410,Salt End Power Station,SCCL-3,53.7355,-0.2431,,,,,,,
411,Galloper Offshore Wind Farm,GAOFO-1,51.771111111,1.992222222,,,,,,,
412,Galloper Offshore Wind Farm,GAOFO-2,51.771111111,1.992222222,,,,,,,
413,Galloper Offshore Wind Farm,GAOFO-3,51.771111111,1.992222222,,,,,,,
414,Galloper Offshore Wind Farm,GAOFO-4,51.771111111,1.992222222,,,,,,,
415,Hornsea One Offshore Wind Farm,HOWAO-1,53.885,1.791,,,,,,,
416,Hornsea One Offshore Wind Farm,HOWAO-2,53.885,1.791,,,,,,,
417,Hornsea One Offshore Wind Farm,HOWAO-3,53.885,1.791,,,,,,,
421,Grain Power Station,GRAI-6,51.443055555,0.708055555,,,,,,,
422,Grain Power Station,GRAI-7,51.443055555,0.708055555,,,,,,,
423,Grain Power Station,GRAI-8,51.443055555,0.708055555,,,,,,,
424,Grain Power Station,GRAI1G,51.443055555,0.708055555,,,,,,,
425,Grain Power Station,GRAI4G,51.443055555,0.708055555,,,,,,,
426,King's Lynn Power Station,KLYN-A-1,52.7273,0.380117,,,,,,,
427,Lynemouth power station,LNMTH-1,55.2042,-1.52083,Lynemouth Power Station,Biomass (dedicated),55.20672173325930,-1.532504001976290,420.00,exact,y
428,Lynemouth power station,LNMTH-2,55.2042,-1.52083,Lynemouth Power Station,Biomass (dedicated),55.20672173325930,-1.532504001976290,420.00,exact,y
429,Lynemouth power station,LNMTH-3,55.2042,-1.52083,Lynemouth Power Station,Biomass (dedicated),55.20672173325930,-1.532504001976290,420.00,exact,y
430,Dogger Bank A Wind Farm,DBAWO-1,54.7489,1.9301,,,,,,,
431,Dogger Bank A Wind Farm,DBAWO-2,54.7489,1.9301,,,,,,,
432,Twentyshilling Hill Wind Farm,TWSHW-1,55.3142,-3.9185,Twentyshilling Hill Wind Farm,Wind Onshore,55.31976356093610,-3.9004833500249500,27.00,exact,y
432,Twentyshilling Hill Wind Farm,TWSHW-1,55.3142,-3.9185,Twentyshilling Hill Wind Farm ,Wind Onshore,55.31976356093610,-3.9004833500249500,37.80,exact,y
434,Windy Rig Wind Farm,WDRGW-1,,,Windy Rig Wind Farm,Wind Onshore,55.27467312432230,-4.178561474848130,43.00,exact,y
434,Windy Rig Wind Farm,WDRGW-1,,,Windy Rig Wind Farm ,Wind Onshore,55.27467312432230,-4.178561474848130,43.00,exact,y
437,Tullo Wind Farm,TULWW-1,,,,,,,,,
438,Tullo Wind Farm,TULWW-2,,,,,,,,,
440,Claredown Battery Storage,ZEN02A,,,,,,,,,
441,Roundponds Battery,AG-HEL01H,,,,,,,,,
442,Kemsley Battery Storage,KEMB-1,,,,,,,,,
443,Byers Brae Battery Storage,NFSE02,,,,,,,,,
444,Minety Battery Storage,AG-HLIM03,,,,,,,,,
445,Minety Battery Storage,AG-HLIM04,,,,,,,,,
446,Minety South Battery Storage,AG-HSTK01,,,,,,,,,
447,Minety South Battery Storage,AG-HSTK02,,,,,,,,,
448,Newlands Farm Battery Storage,AG-HLIM01,,,,,,,,,
449,Newlands Farm Battery Storage,AG-HLIM02,,,,,,,,,
450,Tynemouth Energy Storage System,FFSE01,,,,,,,,,
452,Dorking Battery Energy Storage System,AG-JSTK02,,,Dorking Battery Energy Storage System,Battery,51.23043558491980,-0.3548107072776810,6.00,exact,y
453,Aldwarke Steelworks,RHAMD-1,53.452,-1.319,,,,,,,
454,Derby Gas Power Station,DERBY-2,,,,,,,,,
455,Exeter Gas Power Station,EXETR-2,,,,,,,,,
456,Heartlands Power Station,FDUNT-1,,,,,,,,,
457,Thornhill Gas Power Station,THRNL-1,53.677222222,-1.654722222,,,,,,,
458,Hallen Battery Storage,AG-LLIM01,,,,,,,,,
459,Water Lane STOR,WTRLN-1,,,,,,,,,
460,Letchworth STOR,LCHWT-1,,,,,,,,,
461,Trafalgar Park Gas Peaking Plant,TRFPK-1,,,,,,,,,
462,Lascar Battery Storage,AG-GEDF02,,,,,,,,,
463,Hulley Road Battery Storage,AG-GEDF01,,,,,,,,,
464,Chickerell Power Station,CHICK-1,,,,,,,,,
465,Pogbie Wind Farm,PGBIW-1,,,,,,,,,
466,Blary Hill Wind Farm,BLARW-1,,,Blary Hill Wind Farm,Wind Onshore,55.568256309200700,-5.643538921013160,35.00,exact,y
467,Burghfield Power Station,BURGH-1,,,,,,,,,
468,Keadby 2 Power Station,KEAD-2,53.5952,-0.7522,,,,,,,
469,JG Pears Newark CHP,JGPR-1,,,,,,,,,
470,Wishaw Battery,WISHB-1,55.76927,-3.93867,,,,,,,
471,Wishaw Battery,WISHD-1,55.76927,-3.93867,,,,,,,
472,Blackhillock Battery,BLHLB-1,,,,,,,,,
473,Blackhillock Battery,BLHLB-2,,,,,,,,,
474,Blackhillock Battery,BLHLB-3,,,,,,,,,
475,Blackhillock Battery,BLHLB-4,,,,,,,,,
476,Clachan Flats Wind Farm,CLFLW-1,,,Clachan Flats Wind Farm,Wind Onshore,56.28809278304760,-4.942889825389990,15.00,exact,y
477,Kincardine Offshore Wind Farm,KINCW-1,57.0046,-1.8596,,,,,,,
479,Solutia District Energy,SOLUU-1,,,,,,,,,
480,Sevington District Energy,SEVIU-1,,,,,,,,,
481,Sudmeadow Road Power Station,SUDME-1,,,,,,,,,
482,Moorfield Drive Power Station,MORFL-1,,,,,,,,,
483,Rake Lane Power Station,RAKE-1,,,,,,,,,
484,Down Barn Farm Power Station,DBFRM-1,50.861673,-1.153879,,,,,,,
485,Goose House Lane Power Station,GOSHS-1,,,,,,,,,
486,Bridgwater Power Station,BRIDU-1,,,,,,,,,
487,Coupar Battery Storage,CUPAB-1,,,,,,,,,
488,Chatterley Power Station,CHTRY-1,,,,,,,,,
489,Fideoak Mill Battery Storage,AG-LLIM02,51.018497,-3.157186,,,,,,,
490,Bispham Flexible Generation,BSPHM-1,,,,,,,,,
491,Brownieleys Wind Farm,BRNLW-1,,,,,,,,,
492,Greengairs East Wind Farm,GRGRW-1,,,Greengairs East Wind Farm,Wind Onshore,55.901073447346,-3.912006838722240,24.00,exact,y
493,Broadditch Battery,BROAB-1,,,,,,,,,
494,Middlewich Power Station,MDLWH-1,53.18726,-2.42461,,,,,,,
495,Gowerton East Power Station,ALCOA-1,,,,,,,,,
496,Chapel Farm Battery Storage,CHAPB-1,51.9266,-0.4963,,,,,,,
497,Tollgate Battery Storage,TOLLB-1,,,,,,,,,
498,Craig Wind Farm,CRGTW-1,,,Craig Wind Farm,Wind Onshore,55.16411812246770,-3.0689924136718700,10.00,exact,y
499,Dogger Bank A & B Wind Farm Cluster,DBAWO-1,,,,,,,,,
500,Dogger Bank A & B Wind Farm Cluster,DBAWO-2,,,,,,,,,
501,Dollymans Battery Storage,DOLLB-1,,,,,,,,,
502,Rise Carr Battery Storage,RSCRB-1,,,,,,,,,
503,Larks Green Solar Farm,LARKS-1,51.57851,-2.477369,Larks Green Solar Farm,Solar Photovoltaics,51.57793842480300,-2.4774098665202700,70.00,exact,y
503,Larks Green Solar Farm,LARKS-1,51.57851,-2.477369,Larks Green Solar Farm,Battery,51.57793842480300,-2.4774098665202700,49.50,exact,y
504,West Gourdie Battery,AG-PFLX01,,,,,,,,,
505,Farnham Battery Storage,FARNB-1,,,,,,,,,
507,Fordtown Battery Storage,AG-HEL0CP,,,,,,,,,
508,Camilla Battery Storage,AG-HEL0DN,,,Camilla Battery Storage,Battery,56.108968339539300,-3.2661649058326300,49.99,exact,y
509,Burwell Solar Farm,BURWS-1,52.283,0.302,Burwell Solar Farm,Solar Photovoltaics,52.28399822431160,0.3040303550888120,49.90,exact,y
510,Clay Tye Battery,CLAYB-1,,,,,,,,,
511,Clay Tye Battery,CLAYB-2,,,,,,,,,
512,Little Raith Battery Storage,LITRB-1,,,,,,,,,
513,Newton Wood Farm Battery Storage,NEWTB-1,,,,,,,,,
514,Jamesfield Battery Storage,JAMBB-1,,,,,,,,,
515,Ilmer Lane Battery Storage,ILMEB-1,,,,,,,,,
516,Carnegie Road Battery,CRSSB-1,,,,,,,,,
517,Cumberhead Wind Farm,CUMHW-1,,,Cumberhead Wind Farm,Wind Onshore,55.571843109553300,-3.958943965526720,48.00,exact,y
